inicio_semana,preco_pesado,preco_medio,preco_leve,geracao_hidraulica,geracao_termica,carga_energia,reservatorio_EARM,reservatorio_ENA
8/4/2001,"4,00","4,00","4,00","7243,57","1002,43","6681,43","96,89","137,86"
8/11/2001,"37,12","37,12","37,12","6898,14","1245,00","6778,71","95,16","119,86"
8/18/2001,"60,62","60,62","60,62","6607,29","1318,00","6742,71","89,98","99,29"
8/25/2001,"86,94","86,94","86,94","6323,86","1480,57","6785,14","85,45","88,43"
9/1/2001,"93,24","93,24","93,24","6047,43","1249,71","6623,57","84,01","72,71"
9/8/2001,"63,55","63,55","63,55","5846,00","1423,00","6612,86","81,52","72,86"
9/15/2001,"79,72","79,72","79,72","5895,29","1215,14","6506,71","78,40","73,86"
9/22/2001,"63,55","63,55","63,55","6014,71","1409,29","6725,43","74,90","70,57"
9/29/2001,"63,55","63,55","63,55","5893,86","1279,29","6632,86","85,21","366,43"
10/6/2001,"4,00","4,00","4,00","7065,57","1110,14","6541,57","94,70","337,00"
10/13/2001,"4,00","4,00","4,00","7426,57","1078,43","6757,14","95,93","291,43"
10/20/2001,"4,00","4,00","4,00","7226,29","1099,43","6752,43","97,56","254,14"
10/27/2001,"4,00","4,00","4,00","7394,29","1042,86","8864,86","96,84","179,14"
11/3/2001,"41,74","41,74","41,74","6124,29","1230,14","6832,86","93,91","69,14"
11/10/2001,"46,62","46,62","46,62","6213,14","1116,43","6690,71","91,88","81,14"
11/17/2001,"41,74","41,74","41,74","6270,43","1144,43","7057,00","91,27","87,57"
11/24/2001,"31,82","31,82","31,82","6449,86","1187,14","7076,57","88,04","84,43"
12/1/2001,"4,00","4,00","4,00","6229,14","1192,57","6911,00","87,15","138,29"
12/8/2001,"4,00","4,00","4,00","6712,00","1177,29","7203,29","85,38","129,86"
12/15/2001,"49,30","49,30","49,30","6735,00","1256,57","7191,00","83,66","130,29"
12/22/2001,"41,74","41,74","41,74","4931,29","1048,29","5893,29","83,02","121,71"
12/29/2001,"41,74","41,74","41,74","1387,86","440,86","2451,43","82,64","115,00"
1/1/2002,"41,74","41,74","41,74","1796,57","631,00","3630,43","82,42","58,00"
1/5/2002,"64,04","64,04","64,04","3755,14","1364,86","7011,29","81,74","58,43"
1/12/2002,"64,04","64,04","64,04","3424,57","1361,86","6940,29","82,69","76,29"
1/19/2002,"64,04","64,04","64,04","3086,71","1047,71","7324,43","86,01","86,29"
1/26/2002,"8,88","8,88","8,88","5191,43","874,86","7359,57","91,10","108,43"
2/2/2002,"10,82","10,82","10,82","5211,71","1259,86","7106,57","92,53","119,86"
2/9/2002,"8,88","8,88","8,88","4963,29","1188,86","6719,43","91,29","96,57"
2/16/2002,"5,14","5,14","5,14","4779,43","1091,86","7229,29","89,61","86,29"
2/23/2002,"6,97","6,97","6,97","4651,57","1271,29","7459,14","88,50","77,71"
3/2/2002,"4,12","4,12","4,12","4937,43","1322,43","7658,57","86,75","70,00"
3/9/2002,"8,38","8,38","8,38","5766,57","1339,71","7917,14","85,06","75,86"
3/16/2002,"12,32","12,32","12,32","6448,14","1249,57","7728,86","81,26","73,57"
3/23/2002,"11,21","11,21","11,21","4778,57","1205,00","7284,57","77,05","69,71"
3/30/2002,"11,64","11,64","11,64","4109,00","1241,29","7106,43","75,08","60,00"
4/6/2002,"11,09","11,09","11,09","4454,29","1257,14","7428,57","72,22","52,71"
4/13/2002,"17,03","17,03","17,03","5102,86","1215,71","7342,86","68,40","50,43"
4/20/2002,"16,37","16,37","16,37","4855,71","1182,57","7258,43","65,03","54,29"
4/27/2002,"20,42","20,09","20,03","4753,29","1106,43","6851,71","60,61","51,00"
5/4/2002,"27,19","26,82","26,29","5015,14","1164,57","7021,71","57,70","47,43"
5/11/2002,"20,43","20,17","19,99","4373,14","1116,00","7216,43","55,99","46,57"
5/18/2002,"23,17","22,83","22,81","4485,71","1128,29","6916,00","65,48","90,29"
5/25/2002,"11,67","11,47","11,11","4091,71","1132,14","6655,71","73,40","107,57"
6/1/2002,"4,00","4,00","4,00","5391,71","1188,14","7063,86","74,50","58,71"
6/8/2002,"14,42","14,21","13,96","5908,43","1205,14","7008,86","75,03","78,71"
6/15/2002,"14,37","14,22","13,31","7175,71","765,71","6932,00","74,33","106,43"
6/22/2002,"15,06","14,16","13,71","7024,43","665,29","6866,14","70,70","99,14"
6/29/2002,"16,15","15,99","15,83","6969,00","741,29","6936,29","66,71","91,71"
7/6/2002,"17,93","17,91","17,56","6439,43","761,57","6870,43","63,42","80,14"
7/13/2002,"18,04","17,98","17,75","6028,57","799,71","6746,29","59,51","66,00"
7/20/2002,"16,31","16,30","16,08","5739,71","804,57","6809,57","55,54","58,29"
7/27/2002,"17,12","17,12","14,61","4472,29","820,43","6796,14","54,39","78,00"
8/3/2002,"16,44","16,44","13,56","4819,57","869,14","6831,86","59,26","137,57"
8/10/2002,"9,47","9,44","9,23","7005,29","737,29","6902,71","62,43","130,29"
8/17/2002,"10,11","10,11","9,85","7132,29","774,71","6973,71","59,79","113,43"
8/24/2002,"12,11","12,00","11,79","5658,14","802,14","6979,14","60,42","114,14"
8/31/2002,"7,00","6,98","6,85","5786,86","780,43","6694,29","58,49","57,57"
9/7/2002,"7,55","7,55","6,50","5202,43","856,14","6632,29","58,04","57,43"
9/14/2002,"6,20","6,20","5,86","5606,00","1043,29","6756,00","63,62","84,29"
9/21/2002,"4,83","4,83","4,59","6369,00","1154,29","6769,43","74,65","122,57"
9/28/2002,"4,00","4,00","4,00","7065,71","793,86","7060,71","80,78","143,14"
10/5/2002,"4,00","4,00","4,00","7373,14","896,29","7332,00","88,19","169,14"
10/12/2002,"4,00","4,00","4,00","6769,71","866,86","7204,43","90,77","150,57"
10/19/2002,"4,00","4,00","4,00","7353,14","529,29","7184,43","92,78","138,71"
10/26/2002,"7,29","7,27","7,18","7910,29","579,57","7125,43","95,33","152,57"
11/2/2002,"4,00","4,00","4,00","7233,57","645,00","6879,71","96,50","196,57"
11/9/2002,"4,00","4,00","4,00","7746,57","590,43","6897,57","96,93","201,57"
11/16/2002,"4,00","4,00","4,00","8225,86","481,57","6181,08","96,74","195,43"
11/23/2002,"5,83","5,83","5,39","8149,71","567,29","7562,43","96,40","182,86"
11/30/2002,"5,21","5,21","5,14","7960,43","506,29","7402,86","97,10","308,43"
12/7/2002,"4,00","4,00","4,00","7580,86","595,71","7244,86","97,16","298,57"
12/14/2002,"4,00","4,00","4,00","6934,29","585,57","7543,14","96,71","257,71"
12/21/2002,"4,00","4,00","4,00","6894,57","685,14","6300,86","97,01","235,00"
12/28/2002,"4,00","4,00","4,00","4103,00","322,57","3712,43","97,46","231,00"
1/4/2003,"4,16","4,16","4,00","8126,43","494,43","7391,57","96,01","139,00"
1/11/2003,"4,00","4,00","4,00","7493,57","557,43","7503,43","93,84","132,57"
1/18/2003,"4,00","4,00","4,00","7268,57","545,71","7637,14","90,09","122,00"
1/25/2003,"4,00","4,00","4,00","6405,29","618,43","7542,14","86,50","113,43"
2/1/2003,"4,00","4,00","4,00","6144,29","780,14","7996,86","84,21","84,57"
2/8/2003,"4,00","4,00","4,00","5409,14","825,71","7645,57","83,71","92,00"
2/15/2003,"4,00","4,00","4,00","5070,00","886,14","7583,14","84,39","95,14"
2/22/2003,"4,00","4,00","4,00","5538,00","943,29","7917,43","88,63","106,57"
3/1/2003,"4,00","4,00","4,00","5488,57","958,29","7536,43","90,19","110,14"
3/8/2003,"4,00","4,00","4,00","6074,00","955,71","7752,43","92,81","136,29"
3/15/2003,"4,00","4,00","4,00","6241,86","901,86","7570,71","93,61","137,29"
3/22/2003,"4,00","4,00","4,00","5998,43","914,57","7385,14","91,73","124,43"
3/29/2003,"4,00","4,00","4,00","6505,86","769,57","7529,57","86,95","80,00"
4/5/2003,"5,48","5,48","5,48","5671,29","839,14","7240,71","82,39","65,86"
4/12/2003,"5,48","5,48","5,48","4006,29","1001,71","6918,14","78,18","57,57"
4/19/2003,"5,48","5,48","5,48","4106,57","951,29","6927,29","76,56","56,29"
4/26/2003,"5,48","5,48","5,48","4405,00","941,57","7128,57","73,96","67,00"
5/3/2003,"6,84","6,71","6,51","4690,86","878,57","6934,57","73,87","90,00"
5/10/2003,"6,73","6,65","6,60","5399,14","856,57","7111,00","69,88","61,00"
5/17/2003,"7,37","7,28","7,18","5082,57","858,43","7253,86","64,56","50,14"
5/24/2003,"8,66","8,54","8,44","4333,00","858,86","6863,43","60,85","47,14"
5/31/2003,"12,27","12,11","11,83","4395,71","889,57","7077,29","57,82","35,71"
6/7/2003,"12,40","12,22","11,87","4808,29","828,86","7096,57","62,15","83,29"
6/14/2003,"9,42","9,21","9,05","5293,14","868,86","6874,71","64,66","91,00"
6/21/2003,"10,88","10,73","10,66","5471,14","1022,29","7017,57","63,66","84,86"
6/28/2003,"13,98","13,59","13,27","5377,00","727,00","7007,71","59,96","51,14"
7/5/2003,"14,95","14,88","14,29","4461,86","679,71","7026,57","866,29","41,43"
7/12/2003,"17,18","17,01","16,83","4738,43","676,43","6972,14","58,46","57,43"
7/19/2003,"12,28","12,00","11,62","5157,86","795,29","7062,00","61,48","68,86"
7/26/2003,"12,46","12,18","11,96","4739,14","777,86","7051,86","60,99","63,43"
8/2/2003,"17,32","17,17","17,11","4299,00","858,57","7070,00","58,61","41,86"
8/9/2003,"19,74","19,40","18,14","4343,86","674,86","6983,14","55,68","37,43"
8/16/2003,"20,34","19,03","17,87","4118,57","912,29","7051,71","52,62","35,57"
8/23/2003,"22,71","22,39","16,64","4001,29","998,43","7048,00","49,35","34,14"
8/30/2003,"19,75","19,70","17,11","3930,00","924,29","7087,29","45,73","21,43"
9/6/2003,"22,07","21,79","17,92","3745,71","939,71","7095,71","42,10","19,14"
9/13/2003,"20,93","20,93","17,07","3738,43","933,71","7086,71","39,41","22,29"
9/20/2003,"22,26","22,04","17,91","3988,29","926,86","7335,71","36,13","22,57"
9/27/2003,"24,66","24,42","24,20","3802,29","881,57","7249,71","33,46","23,57"
10/4/2003,"27,51","27,51","26,93","4039,14","881,57","7342,57","30,92","25,71"
10/11/2003,"28,09","28,04","27,06","3302,29","1059,71","7062,29","30,85","35,00"
10/18/2003,"23,33","23,26","22,53","3166,29","1192,00","7330,00","30,04","34,14"
10/25/2003,"28,37","28,37","27,37","3255,29","1067,71","7253,00","32,07","39,14"
11/1/2003,"27,13","27,13","23,82","2907,00","1202,86","7027,00","34,20","56,86"
11/8/2003,"31,18","31,18","29,46","3304,00","1094,71","7580,00","33,06","46,00"
11/15/2003,"35,87","35,87","34,15","4383,14","999,71","7301,43","35,01","61,71"
11/22/2003,"29,66","29,63","28,71","4805,00","992,29","7730,71","39,47","79,29"
11/29/2003,"25,07","24,96","24,33","4569,57","1069,14","7840,86","40,45","74,00"
12/6/2003,"23,70","23,70","23,07","4152,71","1009,29","7581,43","40,32","81,86"
12/13/2003,"16,95","16,95","16,95","4943,57","1052,14","7493,86","49,61","147,14"
12/20/2003,"19,08","19,08","18,45","4971,14","896,86","6471,57","66,11","211,14"
12/27/2003,"17,39","17,39","17,39","4094,86","575,00","4646,29","77,33","226,40"
1/1/2004,"17,39","17,39","17,39","1348,57","247,00","1565,86","84,42","331,50"
1/3/2004,"27,05","27,05","27,05","6574,86","995,86","7453,71","89,31","247,14"
1/10/2004,"25,47","25,47","25,12","7463,43","953,43","7866,43","89,43","190,57"
1/17/2004,"17,58","17,58","17,58","6390,14","1023,29","7884,29","85,83","154,29"
1/24/2004,"27,28","27,28","27,28","5571,71","1088,43","8047,71","82,82","133,71"
1/31/2004,"18,59","18,59","18,59","5119,43","1071,71","8039,14","81,63","88,71"
2/7/2004,"18,59","18,59","18,59","4366,71","1055,86","7843,71","81,08","74,86"
2/14/2004,"18,59","18,59","18,59","5053,00","1076,86","7913,71","78,79","66,00"
2/21/2004,"18,59","18,59","18,59","4522,29","1001,14","7628,43","75,50","59,00"
2/28/2004,"18,59","18,59","18,59","4921,57","1072,57","8076,43","71,24","46,00"
3/6/2004,"18,59","18,59","18,59","4735,14","1046,43","8255,00","66,07","33,71"
3/13/2004,"18,59","18,59","18,59","4443,86","1018,14","8003,86","62,81","43,71"
3/20/2004,"18,59","18,59","18,59","4184,57","972,86","7817,43","60,61","45,43"
3/27/2004,"18,59","18,59","18,59","4524,14","856,14","8109,86","57,53","45,71"
4/3/2004,"18,59","18,59","18,59","3972,14","899,14","7860,00","53,99","46,71"
4/10/2004,"18,59","18,59","18,59","4014,86","1068,86","7194,71","51,09","44,86"
4/17/2004,"18,59","18,59","18,59","3434,14","1336,86","7663,57","48,75","46,86"
4/24/2004,"18,59","18,59","18,59","3269,43","1083,57","7570,14","49,06","54,57"
5/1/2004,"18,59","18,59","18,59","3473,86","1207,57","7315,14","49,84","77,57"
5/8/2004,"18,59","18,59","18,59","3815,29","1343,86","7379,57","54,18","102,29"
5/15/2004,"18,59","18,59","18,59","4364,57","1005,57","7307,29","57,80","106,29"
5/22/2004,"18,59","18,59","18,59","4083,43","1114,14","7366,29","59,56","101,43"
5/29/2004,"18,59","18,59","18,59","4034,14","812,86","7328,57","64,19","94,86"
6/5/2004,"18,59","18,59","18,59","3751,86","1130,57","7136,29","66,37","77,14"
6/12/2004,"18,59","18,59","18,59","4120,71","1181,86","7303,14","72,32","93,29"
6/19/2004,"18,59","18,59","18,59","5028,00","1091,00","7501,00","75,44","94,14"
6/26/2004,"18,59","18,59","18,59","4972,43","1282,29","7590,43","75,20","80,00"
7/3/2004,"18,59","18,59","18,59","4611,00","997,71","7411,29","77,04","80,86"
7/10/2004,"18,59","18,59","18,59","6481,29","883,14","7461,29","81,15","98,57"
7/17/2004,"18,59","18,59","18,59","8091,14","891,71","7469,00","86,47","122,57"
7/24/2004,"18,59","18,59","18,59","7123,86","793,86","7401,43","87,34","118,86"
7/31/2004,"18,59","18,59","18,59","6879,57","898,57","7498,43","85,45","76,57"
8/7/2004,"18,59","18,59","18,59","6425,86","1053,29","7404,57","81,53","58,57"
8/14/2004,"18,59","18,59","18,59","5879,14","874,43","6453,81","76,68","51,00"
8/21/2004,"18,59","18,59","18,59","5779,86","1042,57","7636,43","71,53","46,29"
8/28/2004,"18,59","18,59","18,59","4694,57","863,71","7655,00","68,04","40,29"
9/4/2004,"18,59","18,59","18,59","3926,71","968,14","7521,14","65,05","29,14"
9/11/2004,"18,59","18,59","18,59","4145,00","1121,43","7474,43","64,23","36,86"
9/18/2004,"18,59","18,59","18,59","5156,43","1251,71","7670,29","66,46","51,14"
9/25/2004,"18,59","18,59","18,59","5824,29","1118,71","7703,14","65,52","60,00"
10/2/2004,"18,59","18,59","18,59","5567,14","1275,43","7493,14","63,49","51,29"
10/9/2004,"19,49","19,30","19,30","4891,86","1155,29","7334,71","62,71","49,57"
10/16/2004,"18,59","18,59","18,59","6099,57","1307,86","7631,71","70,70","78,14"
10/23/2004,"18,59","18,59","18,59","6649,29","1328,14","7543,86","81,95","99,57"
10/30/2004,"18,59","18,59","18,59","6684,57","1322,43","7116,71","86,72","176,71"
11/6/2004,"18,59","18,59","18,59","7138,43","1189,00","7177,00","87,68","193,86"
11/13/2004,"18,59","18,59","18,59","7018,14","1152,86","6971,71","89,08","189,00"
11/20/2004,"18,59","18,59","18,59","7048,14","1282,57","7573,29","88,69","170,14"
11/27/2004,"18,59","18,59","18,59","7169,29","1225,57","7668,71","85,68","121,00"
12/4/2004,"18,59","18,59","18,59","6801,71","1194,43","7776,14","81,42","77,00"
12/11/2004,"18,59","18,59","18,59","6455,71","1279,71","7738,57","79,02","84,86"
12/18/2004,"18,59","18,59","18,59","5795,86","1336,29","7155,86","75,69","86,43"
12/25/2004,"18,59","18,59","18,59","4341,43","1230,57","6659,00","75,05","84,86"
1/1/2005,"18,33","18,33","18,33","4875,14","1180,86","7348,71","72,59","56,00"
1/8/2005,"18,33","18,33","18,33","4814,71","1185,00","8078,14","70,73","66,71"
1/15/2005,"18,33","18,33","18,33","4513,71","1335,86","7839,71","70,06","73,00"
1/22/2005,"18,33","18,33","18,33","4456,86","1327,00","7843,57","68,84","74,00"
1/29/2005,"18,33","18,33","18,33","5220,71","1270,57","7950,14","67,79","68,57"
2/5/2005,"18,33","18,33","18,33","4486,86","1343,29","7623,14","65,26","52,00"
2/12/2005,"18,33","18,33","18,33","4990,86","1106,14","8100,71","60,92","43,00"
2/19/2005,"18,33","18,33","18,33","5654,29","912,14","8536,14","55,31","37,86"
2/26/2005,"25,12","25,12","25,70","4681,00","1070,14","8175,71","50,11","79,29"
3/5/2005,"27,35","27,35","25,66","4778,00","1148,29","7559,71","45,12","32,57"
3/12/2005,"25,82","25,56","24,21","4506,71","1007,00","8209,00","40,30","32,29"
3/19/2005,"25,96","25,43","24,31","2935,57","1227,29","7773,29","36,87","33,71"
3/26/2005,"33,50","32,91","31,01","2790,29","1408,57","7867,71","35,53","38,00"
4/2/2005,"137,05","134,96","131,02","2457,14","1328,43","7831,00","37,87","132,71"
4/9/2005,"49,16","47,90","19,74","2967,00","1212,71","7989,71","40,45","119,57"
4/16/2005,"75,82","74,57","73,01","2334,00","997,86","7439,86","41,13","101,57"
4/23/2005,"101,73","99,68","97,02","2898,71","1022,86","7417,14","41,97","91,57"
4/30/2005,"89,14","86,01","47,99","2104,19","965,00","7396,57","42,51","49,29"
5/7/2005,"132,35","126,81","46,06","2950,57","881,00","7551,00","41,47","40,43"
5/14/2005,"180,73","177,04","49,38","3125,00","965,86","7639,14","42,53","58,57"
5/21/2005,"67,60","45,92","45,01","4621,29","626,71","6944,86","54,58","141,43"
5/28/2005,"28,76","22,42","21,80","4087,43","568,00","7323,29","63,62","137,43"
6/4/2005,"18,33","18,33","18,33","3992,71","497,00","7454,71","1006,13","90,29"
6/11/2005,"31,80","31,55","31,39","5141,43","791,71","7441,14","70,72","99,43"
6/18/2005,"27,63","27,24","26,88","6516,29","687,86","7274,29","86,45","173,00"
6/25/2005,"24,99","18,33","18,33","6820,14","764,00","7317,86","92,63","159,71"
7/2/2005,"26,82","26,34","26,15","6648,29","804,14","7290,00","92,32","77,29"
7/9/2005,"33,28","32,74","32,72","5801,57","896,00","7229,00","90,54","69,29"
7/16/2005,"36,24","35,42","35,26","6366,57","872,14","7204,57","88,38","69,29"
7/23/2005,"34,83","34,31","34,13","6802,86","839,14","7152,29","89,94","83,00"
7/30/2005,"29,62","28,63","28,46","6471,43","817,57","7241,29","89,85","80,14"
8/6/2005,"27,93","27,49","27,13","5236,43","943,00","7200,43","87,55","67,29"
8/13/2005,"38,55","37,79","37,36","5307,14","798,57","7250,00","86,30","69,71"
8/20/2005,"34,13","33,46","32,94","5677,43","869,57","7266,14","84,41","67,43"
8/27/2005,"48,35","47,48","47,10","6078,57","871,00","7313,57","83,82","117,57"
9/3/2005,"40,76","39,76","38,93","7397,00","862,71","6875,57","91,46","272,00"
9/10/2005,"33,33","32,05","18,33","8418,14","720,86","7296,86","91,15","253,14"
9/17/2005,"29,29","27,42","18,33","8264,57","723,57","7166,29","91,81","250,00"
9/24/2005,"24,55","23,09","18,33","7629,00","492,43","7211,57","94,27","236,57"
10/1/2005,"18,33","18,33","18,33","7690,71","1109,00","7382,00","95,77","183,71"
10/8/2005,"43,27","18,33","18,33","7596,14","896,14","7121,86","95,35","247,43"
10/15/2005,"18,33","18,33","18,33","7531,86","1086,43","7355,00","92,80","246,00"
10/22/2005,"18,33","18,33","18,33","7536,86","1005,29","7480,43","92,10","234,14"
10/29/2005,"18,33","18,33","18,33","7141,14","1017,57","6995,57","90,92","239,57"
11/5/2005,"18,33","18,33","18,33","7140,57","1099,71","7403,14","91,25","216,00"
11/12/2005,"18,33","18,33","18,33","7591,14","943,57","7444,14","91,89","189,29"
11/19/2005,"33,38","33,38","33,35","7313,86","1165,57","7931,86","90,40","160,71"
11/26/2005,"32,62","32,62","31,80","6875,14","1224,29","7980,57","87,99","125,57"
12/3/2005,"18,33","18,33","18,33","5993,00","1190,71","7827,57","85,22","75,57"
12/10/2005,"18,33","18,33","18,33","4712,57","1328,71","7609,57","78,57","65,71"
12/17/2005,"18,33","18,33","18,33","4598,14","1257,86","7886,71","80,32","60,43"
12/24/2005,"18,33","18,33","18,33","5023,71","1197,86","9432,71","77,60","72,14"
12/31/2005,"16,92","16,92","16,92","422,57","156,57","916,86","78,82","57,00"
1/7/2006,"16,92","16,92","16,92","3972,86","1297,86","8504,86","77,07","51,00"
1/14/2006,"16,92","16,92","16,92","3712,29","1033,71","7119,14","74,51","46,17"
1/21/2006,"40,46","40,46","40,05","4916,71","1245,43","8092,14","72,25","49,71"
1/28/2006,"68,78","68,78","66,75","4800,71","1214,00","8392,71","71,63","51,71"
2/4/2006,"62,84","62,72","60,15","5406,00","1216,43","8455,57","68,93","44,71"
2/11/2006,"86,64","86,54","82,97","4415,29","1344,71","8332,57","66,36","45,14"
2/18/2006,"54,10","54,10","53,07","4680,86","1246,71","8417,71","63,94","45,43"
2/25/2006,"43,56","43,36","42,67","3791,86","1149,29","7926,86","62,81","49,29"
3/4/2006,"45,06","45,06","43,75","4672,43","1381,14","8390,43","60,41","50,71"
3/11/2006,"45,36","45,36","43,91","4754,29","1502,57","8553,71","56,59","44,14"
3/18/2006,"42,09","42,09","41,08","4795,57","1488,43","8550,00","52,84","44,57"
3/25/2006,"39,69","39,69","38,65","3941,86","1357,57","8002,14","51,94","52,43"
4/1/2006,"24,21","23,91","22,83","4303,00","1136,43","8128,14","49,19","71,71"
4/8/2006,"22,21","22,11","21,60","3576,00","1161,43","7720,86","46,83","63,00"
4/15/2006,"18,02","17,74","17,06","3401,43","874,00","7344,57","45,31","56,00"
4/22/2006,"16,92","16,92","16,92","3782,57","877,43","7765,14","43,21","51,00"
4/29/2006,"37,52","37,26","35,76","3022,71","874,14","7322,86","40,61","27,71"
5/6/2006,"50,04","49,66","48,90","2993,00","971,86","7662,14","38,32","19,29"
5/13/2006,"57,27","56,47","55,75","2855,71","981,29","7613,86","36,20","20,14"
5/20/2006,"57,47","56,88","55,32","3083,43","951,14","7662,43","33,52","20,00"
5/27/2006,"63,53","62,88","60,21","2766,57","956,57","7732,71","31,44","19,33"
6/3/2006,"65,69","65,35","61,31","2474,43","901,57","7705,00","29,29","15,14"
6/10/2006,"68,63","67,93","64,73","1847,14","887,86","7374,57","27,83","15,86"
6/17/2006,"75,37","74,03","70,34","2119,14","978,00","7601,00","28,28","17,14"
6/24/2006,"77,43","76,67","71,60","1776,71","916,00","7477,29","29,48","22,14"
7/1/2006,"93,90","93,90","93,90","1647,43","925,14","7614,14","29,17","19,00"
7/8/2006,"89,97","89,05","89,05","1600,29","1054,14","7681,71","29,12","18,29"
7/15/2006,"86,57","85,44","85,07","1445,29","998,71","7584,43","28,66","18,14"
7/22/2006,"92,65","91,49","90,49","1537,43","932,14","7697,43","28,85","19,57"
7/29/2006,"108,13","105,77","104,90","1471,57","1016,14","7479,71","31,54","31,57"
8/5/2006,"101,83","100,43","100,43","1678,00","884,29","7721,43","31,93","29,57"
8/12/2006,"103,35","100,03","96,45","2223,57","938,71","6565,85","32,83","34,14"
8/19/2006,"102,42","97,68","94,53","1798,29","1023,14","7417,43","37,98","53,29"
8/26/2006,"129,69","127,33","125,24","2276,14","1083,43","7484,29","38,73","48,43"
9/2/2006,"128,18","124,67","123,42","2781,00","1278,57","7036,14","39,18","49,71"
9/9/2006,"120,75","116,72","115,50","3106,29","1402,00","6456,29","40,24","45,29"
9/16/2006,"131,59","128,09","123,32","3253,00","1616,86","7440,43","40,39","43,86"
9/23/2006,"132,63","129,81","127,89","3646,57","1773,57","7565,43","42,31","47,43"
9/30/2006,"110,38","108,98","105,57","4288,86","1779,57","7733,71","43,55","54,29"
10/7/2006,"115,24","113,89","112,73","3540,57","1861,14","7471,43","44,62","52,00"
10/14/2006,"82,89","82,18","81,51","4101,29","1651,86","7640,71","44,88","47,14"
10/21/2006,"82,37","81,53","80,71","4628,14","1374,86","7932,14","44,09","44,00"
10/28/2006,"70,68","70,22","69,65","4300,14","1257,57","7738,71","41,06","40,86"
11/4/2006,"94,81","94,81","94,81","2873,14","1224,86","7651,29","41,38","54,00"
11/11/2006,"68,99","68,65","68,65","3305,57","1024,57","7761,29","41,60","52,71"
11/18/2006,"79,56","79,56","79,27","3823,86","897,43","7958,57","43,73","61,71"
11/25/2006,"86,09","85,75","85,75","3909,29","1135,29","7978,29","47,42","75,14"
12/2/2006,"79,07","79,07","79,07","4203,00","1174,57","8252,57","48,99","89,71"
12/9/2006,"71,10","70,35","69,47","3902,57","1241,86","8421,29","49,17","87,00"
12/16/2006,"53,09","53,09","50,36","3824,57","1300,86","8496,43","48,04","76,43"
12/23/2006,"37,55","37,03","36,37","3149,43","723,57","7010,00","51,41","86,29"
12/30/2006,"49,60","49,60","34,04","660,71","186,57","1887,86","55,05","96,00"
1/6/2007,"38,24","38,24","36,41","3881,71","945,86","8269,86","59,07","108,14"
1/13/2007,"17,59","17,59","17,59","3968,29","899,29","8403,86","61,04","108,57"
1/20/2007,"17,59","17,59","17,59","3823,43","830,71","8590,43","62,21","103,71"
1/27/2007,"17,59","17,59","17,59","4042,00","944,71","8706,57","63,11","94,43"
2/3/2007,"17,59","17,59","17,59","4749,29","765,14","8733,71","63,51","73,86"
2/10/2007,"17,59","17,59","17,59","4403,57","581,29","8594,00","62,44","66,86"
2/17/2007,"17,59","17,59","17,59","3420,57","653,00","8031,57","62,79","64,29"
2/24/2007,"17,59","17,59","17,59","4770,57","786,71","8763,00","68,81","101,43"
3/3/2007,"17,59","17,59","17,59","5246,86","804,86","8849,71","74,37","165,29"
3/10/2007,"17,59","17,59","17,59","5429,29","820,86","8642,57","76,30","141,86"
3/17/2007,"17,59","17,59","17,59","5562,29","799,43","8352,43","80,20","142,71"
3/24/2007,"17,59","17,59","17,59","6503,00","622,86","9007,14","81,59","138,57"
3/31/2007,"17,59","17,59","17,59","5571,57","824,57","8180,43","79,79","95,57"
4/7/2007,"63,48","62,58","62,58","5580,14","576,29","7970,29","79,44","95,43"
4/14/2007,"53,76","53,76","53,76","6432,86","583,29","8616,00","78,37","96,43"
4/21/2007,"55,25","55,25","55,25","6172,14","593,29","8381,43","77,61","99,00"
4/28/2007,"54,70","54,70","54,70","7315,29","548,14","7668,71","82,41","139,00"
5/5/2007,"20,42","20,42","20,42","8059,29","365,14","7940,71","83,54","135,57"
5/12/2007,"19,74","19,74","19,43","9405,00","431,00","7935,71","86,91","157,00"
5/19/2007,"17,59","17,59","17,59","9979,57","388,71","7884,71","89,36","210,71"
5/26/2007,"17,59","17,59","17,59","9272,14","390,29","7802,71","90,70","231,71"
6/2/2007,"29,15","29,15","29,15","9239,86","667,00","7461,14","91,31","162,14"
6/9/2007,"54,24","54,24","54,17","8775,14","948,29","7854,14","89,80","128,43"
6/16/2007,"68,76","68,76","65,06","8178,14","1223,14","8005,43","85,50","102,29"
6/23/2007,"81,49","81,49","81,49","7907,14","1194,00","8023,71","79,91","86,57"
6/30/2007,"139,36","138,98","138,89","7436,29","1161,29","7949,57","74,53","41,86"
7/7/2007,"142,69","142,14","141,55","6607,29","1280,57","8020,14","73,53","60,71"
7/14/2007,"130,65","130,65","130,10","8035,86","1279,29","7919,00","75,37","83,71"
7/21/2007,"116,79","116,79","115,90","7454,14","1250,29","7790,43","77,36","100,00"
7/28/2007,"57,95","57,95","57,95","7567,71","1301,43","7945,71","79,63","105,71"
8/4/2007,"17,59","17,59","17,59","8296,86","1136,57","7950,43","79,37","117,29"
8/11/2007,"27,21","27,21","26,94","8059,57","1158,14","7960,29","75,91","89,71"
8/18/2007,"33,88","33,88","33,88","7639,57","1249,14","8000,00","70,84","74,00"
8/25/2007,"56,58","56,58","56,58","8096,71","896,57","8025,43","64,67","64,86"
9/1/2007,"129,18","128,10","128,10","5179,00","1028,86","7791,71","61,94","55,00"
9/8/2007,"132,65","130,81","130,81","5667,57","1050,43","8089,00","59,79","44,57"
9/15/2007,"150,11","149,41","147,26","5790,43","1305,71","7975,43","56,50","39,00"
9/22/2007,"189,13","186,16","186,16","6581,14","1343,43","7894,00","59,96","58,71"
9/29/2007,"168,46","168,46","165,13","7156,00","1331,29","8013,14","60,57","52,57"
10/6/2007,"173,85","172,08","172,08","7695,86","1384,29","8134,14","56,29","39,71"
10/13/2007,"207,66","205,54","205,54","7029,86","1416,00","7942,86","57,59","55,86"
10/20/2007,"211,84","209,96","209,70","7311,29","1230,14","8144,00","61,29","73,57"
10/27/2007,"237,66","237,66","237,66","7529,57","1100,57","8067,14","60,33","134,86"
11/3/2007,"224,10","223,89","223,89","7624,43","1229,29","7967,71","66,14","216,57"
11/10/2007,"182,68","181,30","181,30","7550,14","1414,29","7770,71","71,00","187,57"
11/17/2007,"150,54","150,54","150,54","7714,86","1582,29","8203,14","77,23","183,29"
11/24/2007,"170,27","169,65","169,19","7921,14","1598,43","8463,14","76,86","162,29"
12/1/2007,"189,25","189,25","189,25","7651,57","1660,43","8779,43","73,83","76,00"
12/8/2007,"212,20","212,20","212,20","8053,43","1408,71","8776,57","73,79","105,57"
12/15/2007,"200,48","200,48","200,48","7336,57","1558,14","8741,43","72,81","112,86"
12/22/2007,"199,76","199,76","199,76","5462,57","1621,57","7641,71","72,07","109,00"
12/29/2007,"247,01","247,01","247,01","2318,00","666,57","3005,71","72,50","109,67"
1/5/2008,"475,53","473,30","472,21","7856,71","1595,29","8941,71","73,69","133,86"
1/12/2008,"569,59","569,59","569,59","8641,14","1197,71","9122,71","70,53","122,00"
1/19/2008,"569,59","569,59","569,59","7603,00","1146,57","8669,00","67,57","116,00"
1/26/2008,"550,28","550,28","550,28","7380,00","1294,29","8756,29","64,41","108,57"
2/2/2008,"256,05","255,93","253,32","6097,29","1273,86","8483,71","62,63","87,29"
2/9/2008,"124,75","124,75","122,33","7235,43","1314,86","8972,00","59,19","73,29"
2/16/2008,"163,45","163,45","155,84","7826,71","1397,00","9335,43","54,17","68,00"
2/23/2008,"217,48","216,94","207,36","6398,00","1265,86","9223,00","49,50","64,29"
3/1/2008,"140,14","140,08","137,23","5097,86","1175,43","8874,00","47,19","73,86"
3/8/2008,"135,26","135,26","129,66","4769,00","1232,29","8996,43","44,97","66,29"
3/15/2008,"179,91","178,54","173,39","3764,00","966,71","8579,00","43,86","64,86"
3/22/2008,"85,52","85,52","63,99","3701,29","1196,29","8858,71","43,43","63,71"
3/29/2008,"93,36","93,36","82,27","3767,57","919,14","8800,14","42,31","52,57"
4/5/2008,"124,13","124,13","115,62","3456,86","928,86","8906,43","40,44","42,00"
4/12/2008,"74,01","74,01","68,18","3218,71","719,29","8381,14","40,31","53,57"
4/19/2008,"51,60","51,08","15,47","2848,14","842,57","8055,71","42,91","71,29"
4/26/2008,"42,11","41,38","39,19","3525,71","780,43","7904,57","47,71","114,00"
5/3/2008,"29,66","29,32","28,48","4001,86","1050,14","7858,29","60,87","226,86"
5/10/2008,"15,47","15,47","15,47","4724,29","874,00","7985,71","67,77","187,29"
5/17/2008,"34,77","34,29","33,45","4858,86","1113,57","8169,57","69,27","154,57"
5/24/2008,"51,62","51,11","49,34","6243,29","1092,86","8279,71","67,27","128,57"
5/31/2008,"76,89","76,12","76,12","6236,14","1142,86","8373,14","64,24","65,57"
6/7/2008,"77,02","76,16","76,03","7475,00","1241,86","8284,43","63,70","76,57"
6/14/2008,"71,74","70,50","69,88","7452,14","1160,86","8306,57","64,57","87,14"
6/21/2008,"77,73","76,72","76,72","7550,71","1170,86","8459,00","63,87","88,57"
6/28/2008,"89,07","88,11","88,11","7979,14","1080,71","8250,71","68,39","113,86"
7/5/2008,"91,79","91,32","91,32","8281,86","893,43","8271,29","68,71","100,86"
7/12/2008,"103,31","102,58","102,53","7483,71","569,57","8332,14","64,97","80,71"
7/19/2008,"111,69","110,23","110,12","7433,57","613,29","8318,29","60,63","69,43"
7/26/2008,"147,75","146,66","145,35","6720,57","997,71","8388,00","57,16","63,86"
8/2/2008,"140,43","138,64","138,25","6107,00","1072,14","8287,29","55,44","68,43"
8/9/2008,"121,54","117,87","117,49","5695,43","921,14","8262,57","57,09","76,14"
8/16/2008,"77,05","77,05","77,05","6739,00","906,86","8331,00","61,89","93,29"
8/23/2008,"66,79","66,79","66,79","6662,43","832,43","8295,86","63,37","97,00"
9/6/2008,"106,66","105,83","105,62","7511,57","662,57","8199,29","58,59","55,71"
9/13/2008,"118,04","118,04","118,04","8679,29","617,29","8110,43","59,84","77,00"
9/20/2008,"120,97","120,97","120,97","7876,14","617,14","8145,14","57,44","74,00"
9/27/2008,"101,80","100,39","100,23","7013,29","646,29","8283,14","54,04","60,43"
10/4/2008,"98,98","98,10","97,53","6408,14","873,86","8047,86","59,50","94,14"
10/11/2008,"74,51","74,34","74,28","7010,00","795,86","8356,71","65,97","103,43"
10/18/2008,"94,07","93,23","93,20","9254,86","928,71","8357,71","75,64","119,29"
10/25/2008,"100,76","99,75","98,71","10423,00","919,71","8320,00","87,06","150,00"
11/1/2008,"103,73","103,73","36,41","10789,71","469,29","8315,14","94,84","349,29"
11/8/2008,"104,08","104,08","104,08","9702,86","385,57","8395,86","96,37","299,57"
11/15/2008,"100,21","100,21","100,21","10485,29","365,71","8298,29","96,50","267,00"
11/22/2008,"91,04","91,04","91,04","10395,29","389,71","8618,43","95,67","231,00"
11/29/2008,"95,35","95,35","95,35","8912,86","573,43","8578,14","92,54","130,57"
12/6/2008,"103,56","103,56","103,42","8429,43","661,43","8833,14","88,59","84,57"
12/13/2008,"113,15","113,15","113,15","8263,57","622,14","8394,29","83,44","78,57"
12/20/2008,"91,74","91,74","91,34","6327,43","1288,43","7561,71","78,40","72,71"
12/27/2008,"74,16","74,10","74,10","3734,14","825,57","5230,71","75,72","68,00"
1/3/2009,"28,13","28,13","28,13","6604,43","417,29","7777,29","72,70","64,00"
1/10/2009,"62,66","62,66","62,27","8407,43","644,29","8610,14","68,37","69,71"
1/17/2009,"140,66","140,59","137,52","6956,29","1056,14","8618,14","64,61","73,29"
1/24/2009,"110,71","110,71","108,40","6220,14","897,86","8955,71","62,44","75,14"
1/31/2009,"65,40","65,40","65,15","6113,14","823,14","9004,71","59,43","55,14"
2/7/2009,"75,61","75,61","61,44","5667,14","785,43","9190,71","55,91","49,14"
2/14/2009,"84,65","84,65","84,42","5371,86","831,71","9206,00","53,01","47,57"
2/21/2009,"65,87","65,87","16,31","3397,29","1085,43","8222,29","53,03","52,43"
2/28/2009,"65,58","65,33","59,91","5644,29","933,00","9222,86","54,17","96,86"
3/7/2009,"84,39","83,59","80,70","4886,43","901,00","9046,43","53,17","88,71"
3/14/2009,"109,29","108,20","106,95","4375,14","1033,43","8936,29","51,84","79,00"
3/21/2009,"101,79","101,58","94,06","4035,86","748,43","9066,71","49,61","67,86"
3/28/2009,"108,31","106,33","105,13","3618,43","568,43","9110,71","47,29","50,00"
4/4/2009,"49,38","49,27","16,31","3378,14","511,00","8575,43","44,63","31,43"
4/11/2009,"51,64","50,21","49,12","3057,43","594,57","8608,00","42,46","29,14"
4/18/2009,"40,24","40,06","37,93","2221,57","1053,00","8229,86","40,39","27,14"
4/25/2009,"46,66","46,05","45,12","2241,14","1065,43","8264,57","39,06","25,71"
5/2/2009,"46,98","45,76","45,76","1989,29","1118,14","8249,57","37,57","15,57"
5/9/2009,"37,00","36,73","36,21","1851,43","1294,14","8402,14","36,41","16,43"
5/16/2009,"37,29","36,30","36,10","1906,29","1195,43","8123,29","36,93","25,14"
5/23/2009,"37,87","37,05","36,99","1772,00","1320,29","8274,14","36,93","26,43"
5/30/2009,"38,48","37,59","37,59","1498,00","1277,43","8027,00","38,77","45,71"
6/6/2009,"35,14","34,97","34,97","1768,43","1091,00","7978,29","40,03","41,43"
6/13/2009,"41,54","40,80","40,80","1899,57","1192,14","8186,14","40,44","36,57"
6/20/2009,"43,11","42,72","42,68","1886,86","1305,14","8303,00","41,61","37,00"
6/27/2009,"51,96","51,60","51,60","2217,29","1016,71","8292,14","43,24","42,29"
7/4/2009,"39,62","38,84","38,84","2468,57","987,71","8213,29","45,97","50,43"
7/11/2009,"31,78","31,46","31,28","4412,71","806,00","7974,43","55,16","85,00"
7/18/2009,"21,00","20,76","20,73","6565,57","412,14","7945,43","65,04","111,43"
7/25/2009,"21,67","21,50","21,45","8892,00","582,43","8212,00","67,49","111,71"
8/1/2009,"16,31","16,31","16,31","9885,29","588,57","8067,86","73,31","223,57"
8/8/2009,"16,31","16,31","16,31","10029,14","574,14","8035,14","82,70","241,29"
8/15/2009,"16,31","16,31","16,31","10798,86","562,43","8064,14","86,21","215,71"
8/22/2009,"16,31","16,31","16,31","10175,29","626,14","8022,86","87,07","204,86"
8/29/2009,"16,31","16,31","16,31","16149,57","1092,71","15301,86","73,53","93,69"
9/5/2009,"16,31","16,31","16,31","9853,14","349,00","7888,71","84,51","124,71"
9/12/2009,"16,31","16,31","16,31","11092,29","299,00","8097,00","95,27","233,57"
9/19/2009,"16,31","16,31","16,31","11144,57","446,43","8013,43","96,19","234,14"
9/26/2009,"16,31","16,31","16,31","10852,86","584,00","8112,00","95,47","246,29"
10/3/2009,"16,31","16,31","16,31","11077,43","499,29","8197,86","94,11","219,57"
10/10/2009,"16,31","16,31","16,31","10162,43","505,86","7773,57","95,39","202,71"
10/17/2009,"16,31","16,31","16,31","10606,86","501,57","8240,14","96,39","212,14"
10/24/2009,"16,31","16,31","16,31","12445,86","577,43","8406,71","96,09","200,14"
10/31/2009,"16,31","16,31","16,31","10288,57","516,57","8654,86","95,30","137,00"
11/7/2009,"16,31","16,31","16,31","10254,29","540,43","8738,43","93,99","125,00"
11/14/2009,"16,31","16,31","16,31","9319,86","526,71","8708,86","94,16","134,00"
11/21/2009,"16,31","16,31","16,31","10234,86","529,14","8924,43","96,83","148,29"
11/28/2009,"16,31","16,31","16,31","10462,86","522,57","8885,29","97,96","194,57"
12/5/2009,"16,31","16,31","16,31","10205,86","499,29","8815,71","97,31","206,29"
12/12/2009,"16,31","16,31","16,31","8718,29","557,86","8780,00","96,73","186,71"
12/19/2009,"16,31","16,31","16,31","7387,43","444,57","8232,29","96,56","171,43"
12/26/2009,"16,31","16,31","16,31","6208,00","481,86","6803,71","97,22","166,33"