inicio_semana,sudeste,sul,nordeste,norte
6/30/2001,"684,00","141,61","684,00","684,00"
7/7/2001,"684,00","4,00","684,00","684,00"
7/14/2001,"684,00","4,00","684,00","684,00"
7/21/2001,"684,00","86,94","684,00","684,00"
7/28/2001,"684,00","4,00","684,00","684,00"
8/4/2001,"684,00","4,00","684,00","684,00"
8/11/2001,"684,00","37,12","684,00","684,00"
8/18/2001,"684,00","60,62","684,00","684,00"
8/25/2001,"684,00","86,94","684,00","684,00"
9/1/2001,"684,00","93,24","684,00","684,00"
9/8/2001,"684,00","63,55","684,00","684,00"
9/15/2001,"684,00","79,72","684,00","684,00"
9/22/2001,"336,00","63,55","562,15","336,00"
9/29/2001,"336,00","63,55","562,15","336,00"
10/6/2001,"336,00","4,00","562,15","336,00"
10/13/2001,"336,00","4,00","562,15","336,00"
10/20/2001,"336,00","4,00","562,15","336,00"
10/27/2001,"336,00","4,00","562,15","336,00"
11/3/2001,"336,00","41,74","562,15","336,00"
11/10/2001,"336,00","46,62","562,15","336,00"
11/17/2001,"336,00","41,74","562,15","336,00"
11/24/2001,"336,00","31,82","562,15","336,00"
12/1/2001,"336,00","4,00","562,15","336,00"
12/8/2001,"336,00","4,00","562,15","336,00"
12/15/2001,"336,00","49,30","562,15","336,00"
12/22/2001,"336,00","41,74","562,15","336,00"
12/29/2001,"336,00","41,74","562,15","336,00"
1/1/2002,"336,00","41,74","562,15","4,00"
1/5/2002,"336,00","64,04","562,15","4,00"
1/12/2002,"336,00","64,04","562,15","4,00"
1/19/2002,"336,00","64,04","562,15","4,00"
1/26/2002,"134,76","8,88","319,41","4,19"
2/2/2002,"134,76","10,82","319,41","5,17"
2/9/2002,"9,25","8,88","319,41","4,19"
2/16/2002,"5,42","5,14","319,41","4,00"
2/23/2002,"8,14","6,97","319,41","4,49"
3/2/2002,"4,66","4,12","4,00","4,00"
3/9/2002,"8,70","8,38","4,88","4,88"
3/16/2002,"13,10","12,32","7,32","7,32"
3/23/2002,"12,30","11,21","7,04","7,04"
3/30/2002,"11,64","11,64","6,17","6,17"
4/6/2002,"10,87","11,09","5,72","5,72"
4/13/2002,"15,84","17,03","8,71","8,71"
4/20/2002,"15,96","16,37","8,75","8,75"
4/27/2002,"20,11","20,09","4,00","20,11"
5/4/2002,"25,31","26,67","4,38","25,31"
5/11/2002,"18,95","20,13","4,00","4,00"
5/18/2002,"20,89","22,86","4,13","4,13"
5/25/2002,"12,92","11,36","4,00","4,00"
6/1/2002,"8,91","4,00","5,57","5,57"
6/8/2002,"14,21","14,14","7,69","6,60"
6/15/2002,"14,42","13,91","7,73","7,16"
6/22/2002,"15,30","14,09","7,61","6,30"
6/29/2002,"15,97","15,95","15,89","15,57"
7/6/2002,"17,79","17,79","17,52","14,12"
7/13/2002,"17,90","17,90","17,35","12,19"
7/20/2002,"16,22","16,22","15,59","12,36"
7/27/2002,"14,69","16,21","15,44","14,69"
8/3/2002,"13,60","15,39","13,52","13,30"
8/10/2002,"9,43","9,37","11,72","9,43"
8/17/2002,"10,08","10,02","12,41","10,08"
8/24/2002,"11,83","11,94","14,07","11,83"
8/31/2002,"6,93","6,93","5,90","5,90"
9/7/2002,"6,53","7,09","5,75","5,75"
9/14/2002,"5,90","6,08","5,54","5,54"
9/21/2002,"4,87","4,74","4,86","4,86"
9/28/2002,"4,00","4,00","4,00","4,00"
10/5/2002,"4,00","4,00","4,00","4,00"
10/12/2002,"4,09","4,00","4,01","4,01"
10/19/2002,"4,87","4,00","4,62","4,62"
10/26/2002,"7,24","7,24","6,61","6,61"
11/2/2002,"7,21","4,00","6,72","6,72"
11/9/2002,"5,92","4,00","5,66","5,77"
11/16/2002,"6,29","4,00","5,90","5,90"
11/23/2002,"6,37","5,67","5,67","6,98"
11/30/2002,"5,58","5,18","5,66","5,84"
12/7/2002,"5,65","4,00","5,74","7,16"
12/14/2002,"5,64","4,00","6,13","9,46"
12/21/2002,"4,00","4,00","4,01","4,01"
12/28/2002,"4,00","4,00","4,00","4,00"
1/4/2003,"4,17","4,10","5,23","5,23"
1/11/2003,"4,00","4,00","4,00","4,00"
1/18/2003,"4,06","4,00","4,25","4,06"
1/25/2003,"4,00","4,00","4,00","4,00"
2/1/2003,"4,00","4,00","4,00","4,00"
2/8/2003,"4,00","4,00","4,00","4,00"
2/15/2003,"4,00","4,00","4,00","4,00"
2/22/2003,"4,00","4,00","4,00","4,00"
3/1/2003,"4,00","4,00","4,00","4,00"
3/8/2003,"4,00","4,00","4,00","4,00"
3/15/2003,"4,00","4,00","4,00","4,00"
3/22/2003,"4,00","4,00","4,00","4,00"
3/29/2003,"4,00","4,00","4,00","4,00"
4/1/2003,"5,48","5,48","5,48","5,48"
4/5/2003,"5,48","5,48","5,48","5,48"
4/12/2003,"5,48","5,48","5,48","5,48"
4/19/2003,"5,48","5,48","5,48","5,48"
4/26/2003,"5,48","5,48","5,48","5,48"
5/3/2003,"6,65","6,65","5,57","5,49"
5/10/2003,"6,64","6,64","5,96","5,79"
5/17/2003,"7,25","7,25","6,25","6,25"
5/24/2003,"8,52","8,52","7,10","7,10"
5/31/2003,"12,03","12,03","11,49","9,31"
6/7/2003,"12,11","12,11","11,31","11,31"
6/14/2003,"9,17","9,17","9,17","9,17"
6/21/2003,"10,72","10,72","10,55","10,55"
6/28/2003,"13,52","13,52","9,98","13,52"
7/5/2003,"14,39","14,67","10,33","14,35"
7/12/2003,"13,85","16,96","10,84","13,79"
7/19/2003,"11,87","11,89","9,04","11,84"
7/26/2003,"12,05","12,13","9,08","12,02"
8/2/2003,"15,60","17,16","13,12","15,52"
8/9/2003,"18,67","18,98","14,31","18,66"
8/16/2003,"17,47","18,75","13,64","17,39"
8/23/2003,"16,81","20,34","12,93","16,72"
8/30/2003,"16,88","18,76","13,77","16,88"
9/6/2003,"17,72","20,41","14,30","17,72"
9/13/2003,"17,03","19,53","13,62","17,03"
9/20/2003,"17,93","20,56","16,95","17,93"
9/27/2003,"23,91","24,37","20,02","23,91"
10/4/2003,"26,65","27,30","21,13","26,65"
10/11/2003,"26,83","27,69","20,05","26,83"
10/18/2003,"22,70","23,01","17,32","22,69"
10/25/2003,"27,87","28,01","20,95","27,50"
11/1/2003,"24,35","25,93","20,50","24,11"
11/8/2003,"27,67","30,56","23,20","27,67"
11/15/2003,"31,90","35,12","26,70","31,90"
11/22/2003,"29,19","29,30","29,19","29,19"
11/29/2003,"24,63","24,63","21,95","23,62"
12/1/2003,"24,79","24,79","82,72","24,25"
12/6/2003,"23,47","23,47","82,72","22,89"
12/13/2003,"16,95","16,95","16,95","16,95"
12/20/2003,"18,82","18,81","18,45","18,82"
12/27/2003,"17,39","17,39","58,24","17,20"
1/3/2004,"27,05","27,05","412,83","26,97"
1/10/2004,"25,34","25,34","299,73","25,06"
1/17/2004,"17,58","17,58","315,21","16,95"
1/24/2004,"27,28","27,28","255,33","18,59"
1/31/2004,"18,59","18,59","18,59","18,59"
2/7/2004,"18,59","18,59","18,59","18,59"
2/14/2004,"18,59","18,59","18,59","18,59"
2/21/2004,"18,59","18,59","18,59","18,59"
2/28/2004,"18,59","18,59","18,59","18,59"
3/6/2004,"18,59","18,59","18,59","18,59"
3/13/2004,"18,59","18,59","18,59","18,59"
3/20/2004,"18,59","18,59","18,59","18,59"
3/27/2004,"18,59","18,59","18,59","18,59"
4/3/2004,"18,59","18,59","18,59","18,59"
4/10/2004,"18,59","18,59","18,59","18,59"
4/17/2004,"18,59","18,59","18,59","18,59"
4/24/2004,"18,59","18,59","18,59","18,59"
5/1/2004,"18,59","18,59","18,59","18,59"
5/8/2004,"18,59","18,59","18,59","18,59"
5/15/2004,"18,59","18,59","18,59","18,59"
5/22/2004,"18,59","18,59","18,59","18,59"
5/29/2004,"18,59","18,59","18,59","18,59"
6/5/2004,"18,59","18,59","18,59","18,59"
6/12/2004,"18,59","18,59","18,59","18,59"
6/19/2004,"18,59","18,59","18,59","18,59"
6/26/2004,"18,59","18,59","18,59","18,59"
7/3/2004,"18,59","18,59","18,59","18,59"
7/10/2004,"18,59","18,59","18,59","18,59"
7/17/2004,"18,59","18,59","18,59","18,59"
7/24/2004,"18,59","18,59","18,59","18,59"
7/31/2004,"18,59","18,59","18,59","18,59"
8/7/2004,"18,59","18,59","18,59","18,59"
8/14/2004,"18,59","18,59","18,59","18,59"
8/21/2004,"18,59","18,59","18,59","18,59"
8/28/2004,"18,59","18,59","18,59","18,59"
9/4/2004,"18,59","18,59","18,59","18,59"
9/11/2004,"18,59","18,59","18,59","18,59"
9/18/2004,"18,59","18,59","18,59","18,59"
9/25/2004,"18,59","18,59","18,59","18,59"
10/2/2004,"18,59","18,59","18,59","18,59"
10/9/2004,"19,32","19,32","18,59","19,32"
10/16/2004,"18,59","18,59","18,59","18,59"
10/23/2004,"18,59","18,59","18,59","18,59"
10/30/2004,"18,59","18,59","18,59","18,59"
11/6/2004,"18,59","18,59","18,59","18,59"
11/13/2004,"18,59","18,59","18,59","18,59"
11/20/2004,"18,59","18,59","18,59","18,59"
11/27/2004,"18,59","18,59","18,59","18,59"
12/4/2004,"18,59","18,59","18,59","18,59"
12/11/2004,"18,59","18,59","18,59","18,59"
12/18/2004,"18,59","18,59","18,59","18,59"
12/25/2004,"18,59","18,59","18,59","18,59"
1/1/2005,"18,33","18,33","18,33","18,33"
1/8/2005,"18,33","18,33","18,33","18,33"
1/15/2005,"18,33","18,33","18,33","18,33"
1/22/2005,"18,33","18,33","18,33","18,33"
1/29/2005,"18,33","18,33","18,33","18,33"
2/5/2005,"18,33","18,33","18,33","18,33"
2/12/2005,"18,33","18,33","18,33","18,33"
2/19/2005,"18,33","18,33","18,33","18,33"
2/26/2005,"18,33","24,60","18,33","18,33"
3/5/2005,"18,33","26,74","18,33","18,33"
3/12/2005,"18,33","25,10","18,33","18,33"
3/19/2005,"18,33","25,08","18,33","18,33"
3/26/2005,"18,33","32,28","18,33","18,33"
4/2/2005,"18,33","133,75","18,33","18,33"
4/9/2005,"19,83","37,81","18,33","18,33"
4/16/2005,"25,30","74,00","18,33","18,33"
4/23/2005,"33,69","98,93","18,33","20,09"
4/30/2005,"48,08","72,54","18,33","21,60"
5/7/2005,"42,25","98,08","18,33","20,89"
5/14/2005,"49,39","131,08","18,33","21,66"
5/21/2005,"45,60","47,91","18,33","18,33"
5/28/2005,"28,53","22,87","18,33","18,33"
6/4/2005,"18,33","18,33","18,33","18,33"
6/11/2005,"31,52","31,52","18,33","31,52"
6/18/2005,"30,30","27,15","18,33","30,30"
6/25/2005,"24,44","19,04","18,33","24,44"
7/2/2005,"26,36","26,32","18,33","26,36"
7/9/2005,"32,79","32,79","18,33","32,79"
7/16/2005,"35,45","35,45","18,33","35,45"
7/23/2005,"34,30","34,30","18,33","34,30"
7/30/2005,"28,67","28,67","18,33","28,67"
8/6/2005,"27,41","27,41","18,33","27,41"
8/13/2005,"37,72","37,72","18,33","37,72"
8/20/2005,"33,34","33,34","18,33","33,34"
8/27/2005,"47,44","47,44","19,41","47,44"
9/3/2005,"39,49","39,49","18,33","39,49"
9/10/2005,"32,08","27,21","18,33","32,08"
9/17/2005,"27,96","24,32","18,33","27,96"
9/24/2005,"23,80","21,52","18,33","23,80"
10/1/2005,"36,87","18,33","18,33","36,87"
10/8/2005,"40,61","20,56","18,33","40,61"
10/15/2005,"42,64","18,33","18,33","42,64"
10/22/2005,"49,91","18,33","19,50","49,91"
10/29/2005,"48,85","18,33","21,03","48,85"
11/5/2005,"32,19","18,33","18,58","32,19"
11/12/2005,"33,18","18,33","18,54","33,18"
11/19/2005,"36,70","33,37","21,36","36,70"
11/26/2005,"32,40","32,32","20,04","32,40"
12/3/2005,"18,33","18,33","18,33","18,33"
12/10/2005,"18,33","18,33","18,33","18,33"
12/17/2005,"18,33","18,33","18,33","18,33"
12/24/2005,"18,33","18,33","18,33","18,33"
12/31/2005,"16,92","16,92","16,92","16,92"
1/7/2006,"16,92","16,92","16,92","16,92"
1/14/2006,"16,92","16,92","16,92","16,92"
1/21/2006,"39,69","40,31","16,92","16,92"
1/28/2006,"68,04","68,04","34,12","34,12"
2/4/2006,"60,70","61,80","37,53","16,92"
2/11/2006,"85,25","85,25","44,93","44,93"
2/18/2006,"35,41","53,73","30,66","30,66"
2/25/2006,"38,26","43,13","39,91","16,92"
3/4/2006,"39,29","44,58","39,95","16,92"
3/11/2006,"16,92","44,83","39,18","16,92"
3/18/2006,"16,92","41,72","32,67","16,92"
3/25/2006,"36,89","39,31","30,97","25,88"
4/1/2006,"23,42","23,55","16,92","16,92"
4/8/2006,"21,47","21,94","16,92","16,92"
4/15/2006,"17,38","17,47","16,92","16,92"
4/22/2006,"16,92","16,92","16,92","16,92"
4/29/2006,"36,34","36,63","16,92","16,92"
5/6/2006,"49,11","49,42","18,90","17,14"
5/13/2006,"56,29","56,29","20,82","16,92"
5/20/2006,"55,63","56,38","20,25","16,92"
5/27/2006,"60,00","61,98","21,84","16,92"
6/3/2006,"61,86","63,92","22,38","16,92"
6/10/2006,"64,72","66,84","23,15","23,15"
6/17/2006,"74,19","76,86","24,40","74,19"
6/24/2006,"73,07","74,91","24,29","73,07"
7/1/2006,"92,72","93,90","28,72","92,72"
7/8/2006,"88,16","89,15","28,57","88,16"
7/15/2006,"85,43","85,43","28,42","85,43"
7/22/2006,"91,25","91,25","28,83","91,26"
7/29/2006,"105,25","105,71","49,03","105,25"
8/5/2006,"99,86","100,58","47,76","99,86"
8/12/2006,"99,09","99,09","48,85","99,09"
8/19/2006,"97,04","97,04","49,76","97,04"
8/26/2006,"126,82","126,82","64,89","126,82"
9/2/2006,"124,44","124,44","66,75","124,44"
9/9/2006,"116,71","116,71","66,48","116,71"
9/16/2006,"126,73","126,73","69,83","126,73"
9/23/2006,"129,42","129,42","74,03","129,42"
9/30/2006,"107,89","107,89","52,23","107,89"
10/7/2006,"113,51","113,51","52,62","113,51"
10/14/2006,"82,01","82,01","48,13","82,01"
10/21/2006,"81,32","81,32","45,52","81,32"
10/28/2006,"70,01","70,01","24,11","70,01"
11/4/2006,"94,81","94,81","33,29","94,81"
11/11/2006,"68,68","68,68","23,56","68,68"
11/18/2006,"79,45","79,45","22,95","79,45"
11/25/2006,"85,79","85,79","16,92","85,79"
12/2/2006,"79,07","79,07","19,64","79,07"
12/9/2006,"70,11","70,11","16,92","70,11"
12/16/2006,"52,10","52,10","16,92","16,92"
12/23/2006,"36,44","36,79","16,92","16,92"
12/30/2006,"36,14","42,84","17,59","17,59"
1/6/2007,"26,49","37,58","17,59","17,59"
1/13/2007,"17,59","17,59","17,59","17,59"
1/20/2007,"17,59","17,59","17,59","17,59"
1/27/2007,"17,59","17,59","17,59","17,59"
2/3/2007,"17,59","17,59","17,59","17,59"
2/10/2007,"17,59","17,59","17,59","17,59"
2/17/2007,"17,59","17,59","17,59","17,59"
2/24/2007,"17,59","17,59","17,59","17,59"
3/3/2007,"17,59","17,59","17,59","17,59"
3/10/2007,"17,59","17,59","17,59","17,59"
3/17/2007,"17,59","17,59","17,59","17,59"
3/24/2007,"17,59","17,59","17,59","17,59"
3/31/2007,"17,59","17,59","17,59","17,59"
4/7/2007,"62,73","62,68","17,59","17,59"
4/14/2007,"53,82","53,76","33,94","17,59"
4/21/2007,"56,45","55,25","34,95","34,95"
4/28/2007,"54,74","54,70","43,73","43,73"
5/5/2007,"36,76","20,42","32,28","32,28"
5/12/2007,"44,21","19,63","36,76","36,76"
5/19/2007,"49,92","17,59","39,74","39,74"
5/26/2007,"120,62","17,59","119,72","119,72"
6/2/2007,"103,11","29,15","103,04","103,04"
6/9/2007,"116,74","54,21","116,57","116,57"
6/16/2007,"76,61","67,42","77,60","77,18"
6/23/2007,"82,92","81,49","83,66","83,58"
6/30/2007,"138,99","138,99","130,74","138,99"
7/7/2007,"141,98","141,98","131,97","141,98"
7/14/2007,"130,75","130,45","130,45","130,75"
7/21/2007,"117,02","116,47","117,02","117,02"
7/28/2007,"59,68","57,95","61,67","61,67"
8/4/2007,"29,13","17,59","35,27","29,57"
8/11/2007,"27,97","27,11","37,68","37,68"
8/18/2007,"34,09","33,88","41,68","40,96"
8/25/2007,"57,06","56,58","61,83","61,83"
9/1/2007,"128,20","128,20","126,55","128,20"
9/8/2007,"131,01","131,01","131,01","131,01"
9/15/2007,"147,57","148,70","147,37","147,57"
9/22/2007,"186,48","186,48","186,48","186,48"
9/29/2007,"167,25","167,25","167,25","167,25"
10/6/2007,"172,24","172,24","169,43","172,24"
10/13/2007,"205,77","205,77","205,77","205,77"
10/20/2007,"210,07","210,07","209,89","210,07"
10/27/2007,"237,66","237,66","237,66","237,66"
11/3/2007,"223,91","223,91","223,91","223,91"
11/10/2007,"181,42","181,42","181,42","181,42"
11/17/2007,"150,54","150,54","150,54","150,54"
11/24/2007,"169,55","169,55","169,55","169,55"
12/1/2007,"189,25","189,25","189,25","189,25"
12/8/2007,"212,20","212,20","212,20","212,20"
12/15/2007,"200,48","200,48","200,48","200,48"
12/22/2007,"199,76","199,76","199,76","199,76"
12/29/2007,"247,01","247,01","247,01","247,01"
1/5/2008,"473,14","473,14","473,14","473,14"
1/12/2008,"569,59","569,59","569,59","569,59"
1/19/2008,"569,59","569,59","548,14","569,59"
1/26/2008,"550,28","550,28","550,28","550,28"
2/2/2008,"255,00","255,00","256,05","255,06"
2/9/2008,"122,91","123,87","126,30","122,91"
2/16/2008,"160,70","160,70","180,33","160,70"
2/23/2008,"213,52","213,52","247,02","213,52"
3/1/2008,"139,01","139,05","135,46","135,46"
3/8/2008,"133,23","133,23","125,59","125,59"
3/15/2008,"174,63","176,82","167,72","167,72"
3/22/2008,"69,51","77,70","80,48","69,51"
3/29/2008,"84,47","89,33","85,29","59,96"
4/5/2008,"117,10","121,04","113,25","77,75"
4/12/2008,"68,38","71,89","68,38","49,24"
4/19/2008,"32,00","35,65","48,28","32,00"
4/26/2008,"40,47","40,49","41,40","30,16"
5/3/2008,"29,05","29,05","29,36","24,33"
5/10/2008,"15,47","15,47","15,47","15,47"
5/17/2008,"34,04","34,04","34,34","27,51"
5/24/2008,"50,52","50,52","51,16","38,22"
5/31/2008,"76,20","76,20","71,93","71,93"
6/7/2008,"76,20","76,20","76,20","76,20"
6/14/2008,"70,41","70,41","70,41","70,41"
6/21/2008,"76,83","76,83","76,83","76,83"
6/28/2008,"88,21","88,21","88,21","88,21"
7/5/2008,"91,37","91,37","91,37","91,37"
7/12/2008,"102,64","102,64","102,64","102,64"
7/19/2008,"110,35","110,35","110,35","110,35"
7/26/2008,"146,30","146,30","146,30","146,30"
8/2/2008,"138,69","138,69","138,69","138,69"
8/9/2008,"118,13","118,13","118,13","118,13"
8/16/2008,"79,16","77,05","79,16","79,16"
8/23/2008,"71,64","66,79","71,61","71,64"
8/30/2008,"93,55","93,25","93,55","93,55"
9/6/2008,"106,10","105,84","106,08","106,10"
9/13/2008,"119,11","118,04","119,06","119,11"
9/20/2008,"121,65","120,97","121,65","121,65"
9/27/2008,"100,48","100,48","100,48","100,48"
10/4/2008,"97,99","97,99","97,99","97,99"
10/11/2008,"75,46","74,34","75,46","75,46"
10/18/2008,"93,31","93,31","93,31","93,31"
10/25/2008,"99,48","99,48","99,48","99,48"
11/1/2008,"104,79","79,29","104,79","104,79"
11/8/2008,"118,37","104,08","118,37","118,37"
11/15/2008,"111,77","100,21","111,77","111,77"
11/22/2008,"92,69","91,04","92,69","92,69"
11/29/2008,"95,54","95,35","95,54","95,54"
12/6/2008,"103,51","103,51","103,51","103,51"
12/13/2008,"113,15","113,15","113,15","113,15"
12/20/2008,"91,57","91,57","91,57","91,57"
12/27/2008,"74,11","74,11","74,11","74,11"
1/3/2009,"28,13","28,13","26,55","26,55"
1/10/2009,"62,52","62,52","61,30","61,30"
1/17/2009,"139,48","139,48","125,44","125,68"
1/24/2009,"109,78","109,87","107,59","107,59"
1/31/2009,"65,31","65,31","16,31","16,31"
2/7/2009,"70,46","70,46","27,06","27,06"
2/14/2009,"56,42","84,61","43,46","43,46"
2/21/2009,"16,31","47,88","16,31","16,31"
2/28/2009,"63,39","63,39","61,01","61,01"
3/7/2009,"82,63","82,63","77,26","16,31"
3/14/2009,"107,86","107,86","95,85","16,31"
3/21/2009,"97,08","98,87","91,91","16,31"
3/28/2009,"106,11","106,11","97,75","16,31"
4/4/2009,"27,96","37,31","30,65","16,31"
4/11/2009,"49,88","49,97","16,31","16,31"
4/18/2009,"38,14","39,15","16,31","16,31"
4/25/2009,"45,48","45,70","16,31","16,31"
5/2/2009,"45,89","45,89","36,36","16,31"
5/9/2009,"36,28","36,57","28,82","16,31"
5/16/2009,"36,23","36,33","28,80","16,31"
5/23/2009,"37,12","37,12","29,60","16,31"
5/30/2009,"37,69","37,69","26,98","16,31"
6/6/2009,"34,99","34,99","25,56","16,31"
6/13/2009,"40,88","40,88","28,86","16,31"
6/20/2009,"42,75","42,75","30,27","30,27"
6/27/2009,"51,64","51,64","43,08","43,08"
7/4/2009,"38,92","38,92","30,40","30,40"
7/11/2009,"31,43","31,43","25,45","25,45"
7/18/2009,"20,77","20,77","17,32","17,32"
7/25/2009,"21,50","21,50","21,50","21,50"
8/1/2009,"16,31","16,31","16,31","16,31"
8/8/2009,"16,31","16,31","16,31","16,31"
8/15/2009,"16,31","16,31","16,31","16,31"
8/22/2009,"16,31","16,31","16,31","16,31"
8/29/2009,"16,31","16,31","16,31","16,31"
9/5/2009,"16,31","16,31","16,31","16,31"
9/12/2009,"16,31","16,31","16,31","16,31"
9/19/2009,"16,31","16,31","16,31","16,31"
9/26/2009,"16,31","16,31","16,31","16,31"
10/3/2009,"16,31","16,31","16,31","16,31"
10/10/2009,"16,31","16,31","16,31","16,31"
10/17/2009,"16,31","16,31","16,31","16,31"
10/24/2009,"16,31","16,31","16,31","16,31"
10/31/2009,"16,31","16,31","16,31","16,31"
11/7/2009,"16,31","16,31","16,31","16,31"
11/14/2009,"16,31","16,31","16,31","16,31"
11/21/2009,"16,31","16,31","16,31","16,31"
11/28/2009,"16,31","16,31","16,31","16,31"
12/5/2009,"16,31","16,31","16,31","16,31"
12/12/2009,"16,31","16,31","16,31","16,31"
12/19/2009,"16,31","16,31","16,31","16,31"
12/26/2009,"16,31","16,31","16,31","16,31"
1/2/2010,"12,80","12,80","12,80","12,80"
1/9/2010,"12,80","12,80","12,80","12,80"
1/16/2010,"12,80","12,80","12,80","12,80"
1/23/2010,"12,80","12,80","12,80","12,80"
1/30/2010,"12,80","12,80","12,80","12,80"
2/6/2010,"12,80","12,80","12,80","12,80"
2/13/2010,"12,80","12,80","14,84","12,80"
2/20/2010,"12,80","12,80","16,97","12,80"
2/27/2010,"28,62","28,62","34,59","28,62"
3/6/2010,"15,85","15,85","20,89","15,85"
3/13/2010,"21,05","21,05","25,68","21,05"
3/20/2010,"35,82","35,82","35,94","35,82"
3/27/2010,"37,88","37,88","38,26","37,88"
4/3/2010,"21,34","21,34","26,60","21,34"
4/10/2010,"12,80","12,80","20,63","12,80"
4/17/2010,"23,97","23,97","24,05","23,96"
4/24/2010,"23,13","23,13","23,32","23,10"
5/1/2010,"23,80","19,94","25,02","23,80"
5/8/2010,"27,28","23,62","30,60","27,28"
5/15/2010,"32,90","32,90","34,48","32,90"
5/22/2010,"35,07","32,67","36,25","35,09"
5/29/2010,"56,48","56,48","56,48","56,48"
6/5/2010,"60,57","60,57","60,57","60,57"
6/12/2010,"59,80","59,80","59,80","59,80"
6/19/2010,"65,73","65,73","65,73","65,73"
6/26/2010,"100,56","100,56","110,68","110,68"
7/3/2010,"102,78","102,78","102,95","102,95"
7/10/2010,"96,21","96,21","98,66","98,66"
7/17/2010,"80,90","80,90","94,51","94,51"
7/24/2010,"73,15","73,14","89,21","89,21"
7/31/2010,"105,27","105,27","105,68","105,68"
8/7/2010,"125,30","125,30","125,75","125,75"
8/14/2010,"117,23","117,23","118,40","118,40"
8/21/2010,"123,44","123,44","123,98","123,91"
8/28/2010,"105,98","105,97","154,88","154,88"
9/4/2010,"126,25","125,41","174,53","174,53"
9/11/2010,"117,26","117,26","171,77","171,77"
9/18/2010,"132,62","132,09","187,76","187,76"
9/25/2010,"168,60","168,60","246,32","246,32"
10/2/2010,"140,59","140,59","221,61","221,61"
10/9/2010,"116,22","116,22","180,45","180,45"
10/16/2010,"143,33","143,33","257,54","257,54"
10/23/2010,"143,66","143,66","292,61","292,61"
10/30/2010,"148,25","148,25","148,25","148,25"
11/6/2010,"120,25","120,25","118,11","120,25"
11/13/2010,"126,57","126,57","125,73","126,57"
11/20/2010,"101,57","101,57","98,71","101,57"
11/27/2010,"80,25","80,25","78,01","80,25"
12/4/2010,"89,92","89,92","82,41","89,92"
12/11/2010,"75,41","75,41","72,65","75,41"
12/18/2010,"63,95","63,95","62,52","63,95"
12/25/2010,"53,36","53,36","53,15","53,36"
1/1/2011,"69,00","69,00","69,00","69,00"
1/8/2011,"12,08","12,08","12,08","12,08"
1/15/2011,"15,51","15,51","15,37","15,37"
1/22/2011,"21,83","21,83","21,83","21,83"
1/29/2011,"15,49","15,49","23,27","15,49"
2/5/2011,"37,78","37,78","37,78","37,78"
2/12/2011,"54,10","53,62","54,10","54,10"
2/19/2011,"63,30","45,69","62,54","62,54"
2/26/2011,"79,77","56,02","79,05","79,05"
3/5/2011,"12,08","12,08","12,08","12,08"
3/12/2011,"22,52","22,52","29,13","22,52"
3/19/2011,"12,99","12,99","13,50","12,99"
3/26/2011,"12,08","12,08","12,08","12,08"
4/2/2011,"12,08","12,08","12,08","12,08"
4/9/2011,"12,08","12,08","12,08","12,08"
4/16/2011,"12,08","12,08","12,08","12,08"
4/23/2011,"12,08","12,08","12,08","12,08"
4/30/2011,"15,54","15,54","15,57","15,54"
5/7/2011,"13,82","13,82","13,70","13,69"
5/14/2011,"15,48","15,48","15,48","15,48"
5/21/2011,"17,06","17,06","17,06","17,06"
5/28/2011,"30,01","30,01","29,44","29,44"
6/4/2011,"32,79","32,79","32,79","32,79"
6/11/2011,"34,95","34,95","34,95","34,95"
6/18/2011,"29,67","29,67","29,67","29,67"
6/25/2011,"30,41","30,41","30,41","30,41"
7/2/2011,"27,77","27,77","27,77","27,77"
7/9/2011,"23,14","23,14","23,14","23,14"
7/16/2011,"20,97","20,97","20,97","20,97"
7/23/2011,"19,29","19,29","19,51","19,50"
7/30/2011,"23,55","18,85","23,55","23,55"
8/6/2011,"16,17","12,60","16,17","16,17"
8/13/2011,"17,88","15,97","17,88","17,88"
8/20/2011,"24,11","19,30","24,11","24,11"
8/27/2011,"16,54","12,08","16,61","16,61"
9/3/2011,"17,20","12,08","17,20","17,20"
9/10/2011,"20,78","17,28","20,78","20,78"
9/17/2011,"23,56","19,66","23,56","23,56"
9/24/2011,"24,47","20,28","24,47","24,47"
10/1/2011,"42,97","42,81","42,97","42,97"
10/8/2011,"43,13","42,88","43,13","43,13"
10/15/2011,"38,43","38,43","38,45","38,43"
10/22/2011,"23,59","23,59","23,59","23,59"
10/29/2011,"38,21","38,21","38,21","38,21"
11/5/2011,"43,63","43,63","43,63","43,63"
11/12/2011,"39,47","39,47","39,47","39,47"
11/19/2011,"44,90","44,90","44,90","44,90"
11/26/2011,"63,59","63,59","63,59","63,59"
12/3/2011,"51,44","51,44","51,44","51,44"
12/10/2011,"35,12","35,12","28,80","28,80"
12/17/2011,"45,22","45,22","35,04","35,04"
12/24/2011,"40,23","40,23","29,63","29,63"
12/31/2011,"46,71","46,71","16,01","16,01"
1/7/2012,"29,28","29,28","12,20","12,20"
1/14/2012,"12,20","12,20","12,20","12,20"
1/21/2012,"12,20","12,20","12,20","12,20"
1/28/2012,"15,62","15,62","12,20","12,20"
2/4/2012,"36,88","36,88","12,20","12,20"
2/11/2012,"55,13","55,13","12,20","12,20"
2/18/2012,"62,77","62,77","12,20","12,20"
2/25/2012,"67,55","67,55","14,35","14,35"
3/3/2012,"97,15","97,15","86,52","86,52"
3/10/2012,"137,24","137,24","116,80","116,80"
3/17/2012,"140,63","140,63","119,17","119,17"
3/24/2012,"132,55","132,55","132,55","132,55"
3/31/2012,"185,65","185,65","168,38","168,38"
4/7/2012,"192,04","196,21","187,17","187,17"
4/14/2012,"202,08","210,95","180,89","180,89"
4/21/2012,"191,60","191,60","191,60","191,60"
4/28/2012,"189,07","189,07","184,51","184,51"
5/5/2012,"179,96","179,96","179,96","179,96"
5/12/2012,"170,51","170,51","170,51","170,51"
5/19/2012,"190,84","190,84","190,84","190,84"
5/26/2012,"177,28","177,28","177,28","177,28"
6/2/2012,"146,75","146,75","146,75","146,75"
6/9/2012,"147,83","147,83","147,83","147,83"
6/16/2012,"102,87","102,87","102,87","102,87"
6/23/2012,"76,95","76,95","77,62","76,95"
6/30/2012,"56,30","56,29","56,30","56,30"
7/7/2012,"95,00","95,00","95,00","95,00"
7/14/2012,"106,43","106,43","106,43","106,43"
7/21/2012,"103,86","103,86","103,86","103,86"
7/28/2012,"88,35","88,35","88,35","88,35"
8/4/2012,"106,59","106,59","106,59","106,59"
8/11/2012,"116,30","116,30","116,30","116,30"
8/18/2012,"128,76","128,64","128,76","128,76"
8/25/2012,"137,76","137,76","137,76","137,76"
9/1/2012,"173,95","173,95","173,95","173,95"
9/8/2012,"181,40","181,40","181,40","181,40"
9/15/2012,"190,19","190,19","190,19","190,19"
9/22/2012,"187,45","187,45","187,45","187,45"
9/29/2012,"180,51","180,51","184,15","184,15"
10/6/2012,"243,09","243,09","256,30","256,30"
10/13/2012,"322,49","322,49","329,04","329,04"
10/20/2012,"288,17","288,17","330,39","330,39"
10/27/2012,"361,89","361,89","361,89","361,89"
11/3/2012,"429,01","429,01","429,01","429,01"
11/10/2012,"451,82","451,82","451,82","451,82"
11/17/2012,"315,12","315,12","315,12","315,12"
11/24/2012,"310,18","310,18","310,18","310,18"
12/1/2012,"203,27","203,27","203,27","203,27"
12/8/2012,"271,65","271,65","271,65","271,65"
12/15/2012,"184,86","184,86","184,69","184,69"
12/22/2012,"343,40","343,40","315,53","315,53"
12/29/2012,"341,66","341,66","341,66","341,66"
1/5/2013,"554,82","554,82","551,68","551,68"
1/12/2013,"339,83","339,83","339,83","339,83"
1/19/2013,"479,82","479,82","478,50","478,50"
1/26/2013,"307,52","307,52","290,91","290,91"
2/2/2013,"174,99","174,99","174,99","174,99"
2/9/2013,"156,62","156,62","152,61","152,61"
2/16/2013,"214,62","214,62","213,35","213,35"
2/23/2013,"312,59","312,59","312,59","312,59"
3/2/2013,"373,90","373,90","372,56","372,56"
3/9/2013,"341,98","341,98","341,75","341,75"
3/16/2013,"338,89","338,89","338,89","338,89"
3/23/2013,"319,56","319,56","321,51","319,56"
3/30/2013,"299,64","299,64","299,64","299,64"
4/6/2013,"189,11","189,11","189,79","189,11"
4/13/2013,"150,30","150,30","151,25","150,30"
4/20/2013,"128,33","128,33","131,47","128,33"
4/27/2013,"277,68","277,68","278,70","277,68"
5/4/2013,"349,42","348,25","345,77","345,77"
5/11/2013,"356,57","356,57","356,57","356,57"
5/18/2013,"354,32","354,32","354,32","354,32"
5/25/2013,"356,02","356,02","356,02","356,02"
6/1/2013,"323,54","323,54","323,54","323,54"
6/8/2013,"180,62","180,62","181,10","180,62"
6/15/2013,"192,06","192,06","192,06","192,06"
6/22/2013,"166,07","165,94","166,07","166,07"
6/29/2013,"97,15","55,54","99,43","97,58"
7/6/2013,"106,35","73,76","106,35","106,35"
7/13/2013,"123,73","100,14","123,73","123,73"
7/20/2013,"128,18","128,18","128,18","128,18"
7/27/2013,"153,04","153,04","153,04","153,04"
8/3/2013,"165,67","165,67","165,67","165,67"
8/10/2013,"147,27","96,70","149,10","147,27"
8/17/2013,"172,59","162,66","174,37","172,59"
8/24/2013,"157,30","139,82","159,49","157,30"
8/31/2013,"258,13","251,28","258,13","258,13"
9/7/2013,"270,23","260,95","270,23","270,23"
9/14/2013,"274,92","274,92","274,92","274,92"
9/21/2013,"260,92","247,45","272,51","272,51"
9/28/2013,"265,42","175,70","267,30","267,30"
10/5/2013,"242,00","93,11","254,75","242,00"
10/12/2013,"247,56","235,66","253,27","253,27"
10/19/2013,"249,21","243,87","270,87","249,21"
10/26/2013,"309,23","309,23","309,23","309,23"
11/2/2013,"316,38","316,38","316,38","316,38"
11/9/2013,"317,87","317,87","317,87","317,87"
11/16/2013,"336,58","336,58","336,58","336,58"
11/23/2013,"359,46","359,46","359,46","359,46"
11/30/2013,"309,62","309,62","309,62","309,62"
12/7/2013,"276,99","276,99","280,78","276,99"
12/14/2013,"308,10","308,10","309,33","308,10"
12/21/2013,"294,31","294,31","294,31","294,31"
12/28/2013,"249,92","249,92","249,92","249,92"
1/4/2014,"284,27","284,27","284,27","224,82"
1/11/2014,"388,98","388,98","391,80","388,98"
1/18/2014,"410,20","410,20","410,20","410,20"
1/25/2014,"484,43","484,43","486,59","484,43"
2/1/2014,"822,83","822,83","822,83","822,83"
2/8/2014,"822,83","822,83","740,56","205,95"
2/15/2014,"822,83","822,83","730,19","574,31"
2/22/2014,"822,83","822,83","730,17","205,95"
3/1/2014,"822,83","822,83","626,11","400,51"
3/8/2014,"822,83","822,83","725,25","684,39"
3/15/2014,"822,83","822,83","822,83","822,83"
3/22/2014,"822,83","822,83","822,83","822,83"
3/29/2014,"822,83","822,83","822,83","822,83"
4/5/2014,"822,83","822,83","822,40","755,37"
4/12/2014,"822,83","822,83","751,99","695,31"
4/19/2014,"822,83","822,83","695,92","665,37"
4/26/2014,"822,83","822,83","628,30","217,66"
5/3/2014,"792,95","792,95","697,82","226,71"
5/10/2014,"822,83","822,83","820,18","149,51"
5/17/2014,"822,83","822,83","822,83","147,66"
5/24/2014,"817,05","817,05","817,05","817,05"
5/31/2014,"577,65","577,65","577,39","577,39"
6/7/2014,"299,27","219,32","299,27","299,27"
6/14/2014,"384,12","15,62","384,12","384,12"
6/21/2014,"435,93","150,75","435,93","435,93"
6/28/2014,"368,53","15,62","368,53","368,53"
7/5/2014,"545,13","355,13","545,13","545,13"
7/12/2014,"651,08","650,10","651,08","651,08"
7/19/2014,"715,19","715,19","715,19","715,19"
7/26/2014,"581,90","581,90","581,90","581,90"
8/2/2014,"809,43","809,43","809,43","809,43"
8/9/2014,"649,96","649,96","649,96","649,96"
8/16/2014,"697,22","697,22","697,22","697,22"
8/23/2014,"695,03","695,03","695,03","695,03"
8/30/2014,"728,81","728,81","728,81","728,81"
9/6/2014,"703,31","703,31","703,31","703,31"
9/13/2014,"770,63","770,63","770,63","770,63"
9/20/2014,"745,91","745,91","745,91","745,91"
9/27/2014,"671,68","671,68","671,68","671,68"
10/4/2014,"697,51","496,95","697,51","697,51"
10/11/2014,"808,68","808,68","808,68","808,68"
10/18/2014,"822,83","822,83","822,83","822,83"
10/25/2014,"822,83","822,83","822,83","822,83"
11/1/2014,"822,83","822,83","822,83","822,83"
11/8/2014,"822,83","822,83","822,83","822,83"
11/15/2014,"822,83","822,83","822,83","822,83"
11/22/2014,"822,83","822,83","822,83","822,83"
11/29/2014,"548,75","548,75","548,75","548,75"
12/6/2014,"676,22","676,22","676,22","676,22"
12/13/2014,"658,05","658,05","658,05","658,05"
12/20/2014,"658,73","658,73","658,73","658,73"
12/27/2014,"388,48","388,48","388,48","388,48"
1/3/2015,"388,48","388,48","388,48","388,48"
1/10/2015,"388,48","388,48","388,48","388,48"
1/17/2015,"388,48","388,48","388,48","388,48"
1/24/2015,"388,48","388,48","388,48","388,48"
1/31/2015,"388,48","388,48","388,48","388,48"
2/7/2015,"388,48","388,48","388,48","388,48"
2/14/2015,"388,48","388,48","388,48","388,48"
2/21/2015,"388,48","388,48","388,48","388,48"
2/28/2015,"388,48","388,48","388,48","388,48"
3/7/2015,"388,48","388,48","388,48","355,45"
3/14/2015,"388,48","388,48","388,48","388,48"
3/21/2015,"388,48","388,48","388,48","388,48"
3/28/2015,"388,48","388,48","388,48","68,69"
4/4/2015,"388,48","388,48","388,48","92,03"
4/11/2015,"388,48","388,48","388,48","213,53"
4/18/2015,"388,48","388,48","388,48","108,95"
4/25/2015,"388,48","388,48","388,48","119,33"
5/2/2015,"388,48","388,48","388,48","100,06"
5/9/2015,"388,48","388,48","388,48","92,96"
5/16/2015,"388,48","388,48","388,48","133,55"
5/23/2015,"388,48","388,48","388,48","158,54"
6/1/2015,"375,81","375,81","375,81","375,81"
6/6/2015,"383,85","383,85","383,85","383,85"
6/13/2015,"360,54","360,54","360,54","360,54"
6/20/2015,"369,03","369,03","369,03","369,03"
6/27/2015,"378,01","378,01","378,01","378,01"
7/4/2015,"317,79","317,79","317,79","317,79"
7/11/2015,"231,65","231,65","238,74","231,65"
7/18/2015,"172,69","105,22","179,81","177,84"
7/25/2015,"178,63","95,04","180,61","178,63"
8/1/2015,"118,81","118,81","118,81","118,81"
8/8/2015,"129,52","129,52","129,52","129,52"
8/15/2015,"136,94","136,94","136,94","136,94"
8/22/2015,"139,91","139,91","139,91","139,91"
8/29/2015,"274,98","274,98","274,98","274,98"
9/5/2015,"245,97","245,97","245,97","245,97"
9/12/2015,"199,89","199,89","199,89","199,89"
9/19/2015,"222,23","222,23","222,23","222,23"
9/26/2015,"206,68","206,68","206,68","206,68"
10/3/2015,"217,18","217,18","217,18","217,18"
10/10/2015,"205,67","205,67","205,67","205,67"
10/17/2015,"207,24","192,40","207,24","207,24"
10/24/2015,"214,83","197,08","244,03","244,03"
10/31/2015,"245,30","187,89","245,30","245,30"
11/7/2015,"208,17","195,60","212,39","212,39"
11/14/2015,"188,81","188,81","274,91","274,91"
11/21/2015,"199,57","192,96","323,15","323,15"
11/28/2015,"149,49","149,49","371,08","196,62"
12/5/2015,"134,33","134,33","323,15","159,61"
12/12/2015,"110,10","98,39","309,97","175,70"
12/19/2015,"140,15","127,35","201,72","197,89"
12/26/2015,"50,59","50,59","344,41","109,12"
1/2/2016,"46,02","45,78","352,86","111,14"
1/9/2016,"35,76","35,76","318,24","85,28"
1/16/2016,"30,25","30,25","309,97","30,25"
1/23/2016,"30,25","30,25","304,41","30,25"
1/30/2016,"30,25","30,25","139,88","30,25"
2/6/2016,"30,25","30,25","111,65","30,25"
2/13/2016,"30,25","30,25","137,81","30,25"
2/20/2016,"30,25","30,25","243,41","30,25"
2/27/2016,"32,16","32,16","223,17","32,16"
3/5/2016,"51,93","51,93","240,34","51,93"
3/12/2016,"30,58","30,58","259,26","30,58"
3/19/2016,"30,25","30,25","248,60","30,25"
3/26/2016,"41,82","41,82","265,53","41,82"
4/2/2016,"43,13","43,13","276,82","43,13"
4/9/2016,"47,79","47,79","275,50","47,79"
4/16/2016,"51,45","51,45","262,72","51,45"
4/23/2016,"51,03","51,03","275,22","51,03"
4/30/2016,"86,45","86,45","103,20","87,90"
5/7/2016,"80,39","80,39","99,79","82,12"
5/14/2016,"74,51","72,54","99,79","76,70"
5/21/2016,"73,31","73,31","99,79","77,98"
5/28/2016,"59,68","55,80","143,67","143,67"
6/4/2016,"59,54","50,34","113,72","90,74"
6/11/2016,"58,29","50,22","130,78","87,19"
6/18/2016,"56,80","53,12","112,76","109,14"
6/25/2016,"72,94","72,94","104,13","104,13"
7/2/2016,"82,14","82,14","95,22","83,94"
7/9/2016,"86,22","86,22","108,91","108,91"
7/16/2016,"79,96","79,96","111,88","111,88"
7/23/2016,"77,36","77,36","117,05","117,05"
7/30/2016,"117,58","117,58","117,58","117,58"
8/6/2016,"117,44","117,44","117,44","117,44"
8/13/2016,"115,63","115,63","115,63","115,63"
8/20/2016,"94,51","94,51","111,74","111,74"
8/27/2016,"140,71","122,17","140,71","140,71"
9/1/2016,"140,71","122,17","140,71","140,71"
9/3/2016,"147,87","127,83","147,87","147,87"
9/10/2016,"148,26","135,69","148,26","148,26"
9/17/2016,"145,50","145,50","145,50","145,50"
9/24/2016,"155,22","155,22","155,22","155,22"
10/1/2016,"213,29","213,29","213,29","213,29"
10/8/2016,"214,32","214,32","214,32","214,32"
10/15/2016,"193,41","193,41","193,41","193,41"
10/22/2016,"165,81","165,81","165,81","165,81"
10/29/2016,"232,85","232,85","232,85","232,85"
11/1/2016,"178,59","178,59","178,59","178,59"
11/5/2016,"184,23","184,23","184,23","184,23"
11/12/2016,"169,90","169,90","169,90","169,90"
11/19/2016,"153,48","153,48","153,48","153,48"
11/26/2016,"142,85","142,85","142,85","142,85"
12/3/2016,"101,99","101,99","101,99","101,99"
12/10/2016,"121,56","121,56","121,56","121,56"
12/17/2016,"142,93","142,93","142,93","142,93"
12/24/2016,"113,62","113,62","113,62","113,62"
12/31/2016,"140,86","140,86","140,86","140,86"
1/7/2017,"101,24","101,24","124,05","101,24"
1/14/2017,"128,50","128,50","135,09","128,50"
1/21/2017,"129,90","129,90","138,94","129,90"
1/28/2017,"100,64","100,64","171,33","100,64"
2/4/2017,"111,91","111,91","171,33","111,91"
2/11/2017,"120,97","120,97","159,77","120,97"
2/18/2017,"132,38","132,38","148,93","33,68"
2/25/2017,"184,49","184,49","184,49","33,68"
3/4/2017,"185,06","185,06","185,06","33,68"
3/11/2017,"238,55","238,55","241,65","33,68"
3/18/2017,"219,10","219,10","386,46","33,68"
3/25/2017,"235,67","235,67","365,35","33,68"
4/1/2017,"426,10","426,10","430,14","33,68"
4/8/2017,"356,68","356,68","356,68","33,68"
4/15/2017,"350,66","350,66","350,66","33,68"
4/22/2017,"331,01","331,01","331,01","33,68"
4/29/2017,"448,58","448,58","448,58","33,68"
5/6/2017,"463,69","463,69","463,69","33,68"
5/13/2017,"477,50","477,50","477,50","145,62"
5/20/2017,"478,01","478,01","478,01","476,01"
5/27/2017,"118,77","118,77","157,33","118,77"
6/3/2017,"103,07","33,68","127,60","103,07"
6/10/2017,"93,90","33,68","123,25","93,90"
6/17/2017,"140,18","87,00","140,18","140,18"
6/24/2017,"160,62","91,44","178,85","178,85"
7/1/2017,"233,32","233,32","233,32","233,32"
7/8/2017,"253,45","253,45","253,45","253,45"
7/15/2017,"266,98","266,98","266,98","266,98"
7/22/2017,"269,76","269,76","269,76","269,76"
7/29/2017,"514,66","514,66","514,66","514,66"
8/5/2017,"533,82","533,82","533,82","533,82"
8/12/2017,"521,83","521,83","521,83","521,83"
8/19/2017,"505,61","505,61","505,61","505,61"
8/26/2017,"449,04","449,04","449,04","449,04"
9/2/2017,"494,46","494,46","494,46","494,46"
9/9/2017,"533,82","533,82","533,82","533,82"
9/16/2017,"533,82","533,82","533,82","533,82"
9/23/2017,"533,82","533,82","533,82","533,82"
9/30/2017,"533,82","533,82","533,82","533,82"
10/7/2017,"533,82","533,82","533,82","533,82"
10/14/2017,"533,82","533,82","533,82","533,82"
10/21/2017,"533,82","533,82","533,82","533,82"
10/28/2017,"533,82","533,82","533,82","533,82"
11/4/2017,"483,21","483,21","483,21","483,21"
11/11/2017,"481,66","481,66","481,66","481,66"
11/18/2017,"449,83","449,83","449,83","449,83"
11/25/2017,"208,53","208,52","208,53","208,53"
12/2/2017,"220,16","220,16","220,16","220,16"
12/9/2017,"214,51","214,51","214,51","214,51"
12/16/2017,"274,98","274,98","274,98","274,98"
12/23/2017,"245,63","245,63","245,63","245,63"
12/30/2017,"196,10","199,55","182,49","168,14"
1/6/2018,"176,64","178,67","179,91","165,52"
1/13/2018,"162,95","165,82","162,06","142,37"
1/20/2018,"192,89","191,89","190,37","145,60"
1/27/2018,"175,04","152,06","176,34","78,68"
2/3/2018,"179,42","178,50","176,42","40,16"
2/10/2018,"170,45","173,44","167,60","40,16"
2/17/2018,"210,79","214,37","184,27","40,16"
2/24/2018,"201,98","201,98","189,22","40,16"
3/3/2018,"223,21","223,21","223,21","40,16"
3/10/2018,"236,02","236,02","236,02","40,16"
3/17/2018,"219,50","219,50","218,38","40,16"
3/24/2018,"228,54","228,54","228,54","40,16"
3/31/2018,"40,16","40,16","40,16","40,16"
4/7/2018,"84,83","84,83","106,83","78,04"
4/14/2018,"122,73","122,73","122,73","49,29"
4/21/2018,"135,38","135,38","135,38","40,16"
4/28/2018,"216,86","216,86","154,51","40,16"
5/5/2018,"305,96","305,96","154,51","40,16"
5/12/2018,"326,46","326,46","165,95","114,90"
5/19/2018,"340,80","340,80","201,88","201,88"
5/26/2018,"402,29","402,29","380,73","380,73"
6/2/2018,"440,98","440,98","321,06","321,06"
6/9/2018,"472,21","472,21","463,52","463,52"
6/16/2018,"477,77","477,77","477,77","477,77"
6/23/2018,"505,18","505,18","505,18","505,18"
6/30/2018,"505,18","505,18","505,18","505,18"
7/7/2018,"505,18","505,18","505,18","505,18"
7/14/2018,"505,18","505,18","505,18","505,18"
7/21/2018,"505,18","505,18","505,18","505,18"
7/28/2018,"505,18","505,18","505,18","505,18"
8/4/2018,"505,18","505,18","505,18","505,18"
8/11/2018,"505,18","505,18","505,18","505,18"
8/18/2018,"505,18","505,18","505,18","505,18"
8/25/2018,"505,18","505,18","505,18","505,18"
9/1/2018,"486,25","486,25","486,25","489,78"
9/8/2018,"496,28","496,28","496,28","496,28"
9/15/2018,"491,71","491,71","491,71","491,71"
9/22/2018,"441,87","441,87","441,87","441,87"
9/29/2018,"386,47","386,47","386,47","386,47"
10/6/2018,"325,52","325,52","325,52","325,52"
10/13/2018,"270,28","270,28","270,28","270,28"
10/20/2018,"229,71","229,71","229,71","229,71"
10/27/2018,"142,40","142,40","142,40","142,40"
11/3/2018,"149,95","149,95","149,95","149,95"
11/10/2018,"120,77","120,77","120,77","120,77"
11/17/2018,"119,21","119,21","119,21","119,21"
11/24/2018,"100,72","100,72","100,72","100,72"
12/1/2018,"59,04","59,04","59,16","59,04"
12/8/2018,"66,13","66,13","66,41","66,13"
12/15/2018,"79,16","79,16","79,16","40,16"
12/22/2018,"87,21","87,21","87,21","40,16"
12/29/2018,"136,43","136,43","53,86","53,86"
1/5/2019,"138,80","138,80","103,89","103,89"
1/12/2019,"166,17","166,17","80,44","80,44"
1/19/2019,"178,76","178,76","42,35","42,35"
1/26/2019,"337,10","337,10","137,55","83,06"
2/2/2019,"451,57","451,57","141,05","42,35"
2/9/2019,"510,81","510,81","178,71","48,14"
2/16/2019,"472,96","472,96","164,36","42,35"
2/23/2019,"339,46","339,46","178,71","42,35"
3/2/2019,"251,81","251,81","164,36","42,35"
3/9/2019,"250,06","250,06","160,22","42,35"
3/16/2019,"199,09","199,09","160,22","42,35"
3/23/2019,"229,74","229,74","160,22","42,35"
3/30/2019,"210,52","210,52","42,35","42,35"
4/6/2019,"181,41","181,41","42,35","42,35"
4/13/2019,"186,94","186,94","42,35","42,35"
4/20/2019,"172,38","172,38","42,35","42,35"
4/27/2019,"142,12","142,12","42,35","42,35"
5/4/2019,"174,86","174,86","42,35","42,35"
5/11/2019,"98,21","98,21","42,35","42,35"
5/18/2019,"136,05","136,05","80,44","80,44"
5/25/2019,"128,33","128,33","42,35","42,35"
6/1/2019,"42,35","42,35","42,35","42,35"
6/8/2019,"42,35","42,35","42,35","42,35"
6/15/2019,"78,42","78,42","78,42","78,42"
6/22/2019,"124,92","124,92","124,92","124,92"
6/29/2019,"170,94","170,94","170,94","170,94"
7/6/2019,"177,60","177,60","177,60","177,60"
7/13/2019,"175,04","175,04","175,04","175,04"
7/20/2019,"186,18","186,18","186,18","186,18"
7/27/2019,"225,00","225,00","174,61","174,61"
8/3/2019,"236,35","236,35","217,98","217,98"
8/10/2019,"233,30","233,30","217,98","217,98"
8/17/2019,"241,04","241,04","223,39","223,39"
8/24/2019,"247,08","247,08","198,37","198,37"
8/31/2019,"200,69","200,69","200,34","200,34"
9/7/2019,"210,71","210,71","210,71","210,71"
9/14/2019,"225,55","225,55","221,28","221,28"
9/21/2019,"231,12","231,12","231,12","231,12"
9/28/2019,"238,02","238,02","238,02","238,02"
10/5/2019,"270,84","270,84","270,84","270,84"
10/12/2019,"273,52","273,52","273,52","273,52"
10/19/2019,"273,51","273,51","273,51","273,51"
10/26/2019,"301,65","301,65","301,65","301,65"
11/2/2019,"334,73","334,73","334,73","334,73"
11/9/2019,"308,20","308,20","308,20","308,20"
11/16/2019,"322,84","322,84","322,84","322,84"
11/23/2019,"317,33","317,33","317,33","317,33"
11/30/2019,"234,99","234,99","234,99","234,99"
12/7/2019,"217,57","217,57","217,57","217,57"
12/14/2019,"226,59","226,59","226,59","226,59"
12/21/2019,"195,13","195,13","195,13","195,13"
12/28/2019,"290,33","290,33","290,33","290,33"
1/4/2020,"368,51","368,51","368,51","368,51"
1/11/2020,"268,32","268,32","268,32","268,32"
1/18/2020,"355,42","355,42","355,42","355,42"
1/25/2020,"333,00","333,00","332,28","332,28"
2/1/2020,"190,96","191,01","190,96","190,96"
2/8/2020,"150,67","174,24","150,67","149,89"
2/15/2020,"146,13","171,14","144,93","132,63"
2/22/2020,"143,85","180,77","125,80","39,68"
2/29/2020,"58,60","66,78","58,60","57,34"
3/7/2020,"86,62","158,20","84,67","39,68"
3/14/2020,"100,86","224,12","98,97","39,68"
3/21/2020,"101,98","201,83","39,68","39,68"
3/28/2020,"39,68","39,68","39,68","39,68"
4/4/2020,"39,68","39,68","39,68","39,68"
4/11/2020,"39,68","39,68","39,68","39,68"
4/18/2020,"39,68","39,68","39,68","39,68"
4/25/2020,"39,68","39,68","39,68","39,68"
5/2/2020,"53,85","53,85","39,68","39,68"
5/9/2020,"61,33","61,33","39,68","39,68"
5/16/2020,"78,88","78,88","39,68","39,68"
5/23/2020,"91,41","91,41","39,68","39,68"
5/30/2020,"104,09","104,09","39,68","39,68"
6/6/2020,"114,92","114,92","39,68","39,68"
6/13/2020,"127,68","127,68","86,21","86,21"
6/20/2020,"117,82","117,82","89,07","89,07"
6/27/2020,"96,57","96,57","90,69","94,82"
7/4/2020,"83,69","83,69","83,69","83,69"
7/11/2020,"85,45","85,45","85,35","85,45"
7/18/2020,"90,32","90,32","89,90","90,32"
7/25/2020,"93,25","93,25","80,93","93,25"
8/1/2020,"92,98","92,98","73,03","92,98"
8/8/2020,"103,18","103,18","76,71","103,18"
8/15/2020,"94,16","94,16","73,86","94,16"
8/22/2020,"58,27","58,27","56,82","58,27"
8/29/2020,"66,89","66,89","51,88","66,89"
9/5/2020,"76,24","76,24","55,23","76,24"
9/12/2020,"88,98","88,98","63,42","88,98"
9/19/2020,"105,54","105,54","68,71","105,54"
9/26/2020,"172,67","172,67","160,33","172,67"
10/3/2020,"261,89","261,89","164,86","261,89"
10/10/2020,"281,43","281,43","170,66","281,43"
10/17/2020,"315,94","315,94","219,01","315,94"
10/24/2020,"317,03","317,03","185,11","317,03"
10/31/2020,"370,77","370,77","150,60","370,77"
11/7/2020,"559,75","559,75","196,76","559,75"
11/14/2020,"476,59","476,59","276,71","476,59"
11/21/2020,"559,75","559,75","196,29","559,75"
11/28/2020,"559,75","559,75","559,75","559,75"
12/5/2020,"210,74","210,74","200,33","210,74"
12/12/2020,"264,24","264,24","264,24","264,24"
12/19/2020,"198,36","198,36","197,79","198,36"
12/26/2020,"220,89","220,89","220,89","220,89"
1/2/2021,"297,43","297,43","291,83","297,43"
1/9/2021,"306,12","306,12","306,11","306,11"
1/16/2021,"215,56","214,30","214,19","214,29"
1/23/2021,"184,35","178,85","178,41","178,81"
1/30/2021,"152,10","141,53","146,43","146,43"
2/6/2021,"170,45","169,70","170,42","170,42"
2/13/2021,"173,37","173,36","173,51","173,37"
2/20/2021,"184,15","184,44","184,05","184,03"
2/27/2021,"119,64","123,01","63,42","61,47"
3/6/2021,"70,71","71,37","60,03","52,49"
3/13/2021,"117,40","118,38","85,41","54,41"
3/20/2021,"126,23","127,56","83,98","49,77"
3/27/2021,"99,96","100,28","88,19","56,42"
4/3/2021,"125,43","126,80","50,03","49,77"
4/10/2021,"108,77","115,38","66,47","49,77"
4/17/2021,"161,94","165,53","133,06","115,01"
4/24/2021,"146,95","153,74","109,19","102,38"
5/1/2021,"207,05","239,80","149,74","146,50"
5/8/2021,"191,80","192,04","151,85","153,01"
5/15/2021,"230,39","230,41","207,93","207,96"
5/22/2021,"231,73","231,73","221,99","222,99"
5/29/2021,"252,82","252,82","250,52","250,77"
6/5/2021,"276,15","276,15","271,74","273,07"
6/12/2021,"284,47","284,47","282,85","284,28"
6/19/2021,"321,30","321,30","293,70","320,69"
6/26/2021,"583,88","583,88","583,88","583,88"
7/3/2021,"583,88","583,88","583,88","583,88"
7/10/2021,"583,88","583,88","583,88","583,88"
7/17/2021,"583,88","583,88","583,88","583,88"
7/24/2021,"583,88","583,88","583,88","583,88"
7/31/2021,"583,88","583,88","583,88","583,88"
8/7/2021,"583,88","583,88","583,88","583,88"
8/14/2021,"583,88","583,88","583,88","583,88"
8/21/2021,"583,88","583,88","583,88","583,88"
8/28/2021,"583,88","583,88","583,88","583,88"
9/4/2021,"583,88","583,88","583,88","583,88"
9/11/2021,"583,88","583,88","583,88","583,88"
9/18/2021,"583,88","583,88","583,88","583,88"
9/25/2021,"549,01","549,01","518,89","549,01"
10/2/2021,"452,28","452,28","450,72","452,28"
10/9/2021,"209,43","209,43","209,43","209,43"
10/16/2021,"177,38","177,38","177,38","177,38"
10/23/2021,"161,22","161,22","161,22","161,22"
10/30/2021,"101,07","101,07","101,07","101,07"
11/6/2021,"107,09","107,09","107,09","107,09"
11/13/2021,"74,13","74,13","74,01","74,13"
11/20/2021,"94,10","94,10","94,09","94,10"
11/27/2021,"50,79","50,79","50,79","50,79"
12/4/2021,"59,15","59,15","59,15","59,15"
12/11/2021,"82,26","82,26","82,26","82,26"
12/18/2021,"66,34","66,34","66,32","66,32"
12/25/2021,"65,50","65,50","64,59","63,93"
1/1/2022,"69,70","69,71","61,92","55,73"
1/8/2022,"57,09","57,11","56,22","55,70"
1/15/2022,"62,10","62,13","55,70","55,70"
1/22/2022,"65,82","65,82","55,70","55,70"